plant.sp,plant.genus,plant.family,k.type,k.type.s,k.type.ss
Achillea atrata,Achillea,Asteraceae,7.2c,7.2,7
Achillea clavennae,Achillea,Asteraceae,7.2c,7.2,7
Achillea millefolium,Achillea,Asteraceae,7.2c,7.2,7
Acinos alpinus,Acinos,Lamiaceae,5.1,5.1,5
Aconitum napellus,Aconitum,Ranunculaceae,5.2,5.2,5
Aconitum variegatum,Aconitum,Ranunculaceae,5.2,5.2,5
Aconitum vulparia,Aconitum,Ranunculaceae,NA,5.2,5
Adenostyles alliariae,Adenostyles,Asteraceae,7.2a,7.2,7
Adenostyles glabra,Adenostyles,Asteraceae,7.2a,7.2,7
Aegopodium podagraria,Aegopodium,Apiaceae,1.2a,1.2,1
Agrostis alpina,Agrostis,Poaceae,0,0,0
Agrostis capillaris,Agrostis,Poaceae,0,0,0
Agrostis schleicheri,Agrostis,Poaceae,0,0,0
Ajuga reptans,Ajuga,Lamiaceae,5.1,5.1,5
Alchemilla conjuncta,Alchemilla,Rosaceae,NA,1.2,1
Alchemilla vulgaris,Alchemilla,Rosaceae,1.2a,1.2,1
Allium carinatum,Allium,Amaryllidaceae,1.2bd,1.2,1
Androsace chamaejasme,Androsace,Primulaceae,4.1,4.1,4
Anemone narcissiflora,Anemone,Ranunculaceae,1.1,1.1,1
Anemone nemorosa,Anemone,Ranunculaceae,1.1,1.1,1
Antennaria dioica,Antennaria,Asteraceae,7.2a,7.2,7
Anthericum ramosum,Anthericum,Asparagaceae,1.2a,1.2,1
Anthoxanthum alpinum,Anthoxanthum,Poaceae,0,0,0
Anthoxanthum odoratum,Anthoxanthum,Poaceae,0,0,0
Anthriscus sylvestris,Anthriscus,Apiaceae,1.2a,1.2,1
Anthyllis vulneraria,Anthyllis,Fabaceae,6.1c,6.1,6
Aposeris foetida,Aposeris,Asteraceae,7.2b,7.2,7
Aquilegia atrata,Aquilegia,Ranunculaceae,3.2,3.2,3
Arabis alpina,Arabis,Brassicaceae,1.2bb,1.2,1
Arabis caerulea,Arabis,Brassicaceae,1.2bb,1.2,1
Arabis ciliata,Arabis,Brassicaceae,1.2bb,1.2,1
Arabis hirsuta,Arabis,Brassicaceae,1.2bb,1.2,1
Arabis pumila,Arabis,Brassicaceae,NA,1.2,1
Arabis sagittata,Arabis,Brassicaceae,1.2bb,1.2,1
Arctous alpina,Arctous,Ericaceae,NA,3.1,3
Arenaria ciliata,Arenaria,Caryophyllaceae,1.2bb,1.2,1
Arrhenatherum elatius,Arrhenatherum,Poaceae,0,0,0
Aster bellidiastrum,Aster,Asteraceae,7.2c,7.2,7
Bartsia alpina,Bartsia,Orobanchaceae,5.3,5.3,5
Bellis perennis,Bellis,Asteraceae,7.2c,7.2,7
Berberis vulgaris,Berberis,Berberidaceae,1.2bc,1.2,1
Biscutella laevigata,Biscutella,Brassicaceae,1.2bb,1.2,1
Brachypodium pinnatum,Brachypodium,Poaceae,0,0,0
Brachypodium sylvaticum,Brachypodium,Poaceae,0,0,0
Briza media,Briza,Poaceae,0,0,0
Buphthalmum salicifolium,Buphthalmum,Asteraceae,7.2c,7.2,7
Calamagrostis varia,Calamagrostis,Poaceae,0,0,0
Calamintha clinopodium,Calamintha,Lamiaceae,NA,5.1,5
Calluna vulgaris,Calluna,Ericaceae,3.1,3.1,3
Campanula alpina,Campanula,Campanulaceae,3.2,3.2,3
Campanula cochleariifolia,Campanula,Campanulaceae,3.2,3.2,3
Campanula glomerata,Campanula,Campanulaceae,3.2,3.2,3
Campanula patula,Campanula,Campanulaceae,3.2,3.2,3
Campanula scheuchzeri,Campanula,Campanulaceae,3.2,3.2,3
Campanula trachelium,Campanula,Campanulaceae,3.2,3.2,3
Cardamine enneaphyllos,Cardamine,Brassicaceae,NA,1.2,1
Cardamine pratensis,Cardamine,Brassicaceae,1.2bb,1.2,1
Carduus defloratus,Carduus,Asteraceae,7.2a,7.2,7
Carex alba,Carex,Cyperaceae,0,0,0
Carex atrata,Carex,Cyperaceae,0,0,0
Carex caryophyllea,Carex,Cyperaceae,0,0,0
Carex digitata,Carex,Cyperaceae,0,0,0
Carex ericetorum,Carex,Cyperaceae,0,0,0
Carex ferruginea,Carex,Cyperaceae,0,0,0
Carex firma,Carex,Cyperaceae,0,0,0
Carex flacca,Carex,Cyperaceae,0,0,0
Carex leporina,Carex,Cyperaceae,NA,0,0
Carex nigra,Carex,Cyperaceae,0,0,0
Carex pallescens,Carex,Cyperaceae,0,0,0
Carex panicea,Carex,Cyperaceae,0,0,0
Carex sempervirens,Carex,Cyperaceae,0,0,0
Carlina acaulis,Carlina,Asteraceae,7.2a,7.2,7
Carlina vulgaris,Carlina,Asteraceae,7.2a,7.2,7
Carum carvi,Carum,Apiaceae,1.2a,1.2,1
Centaurea jacea,Centaurea,Asteraceae,7.2a,7.2,7
Centaurea scabiosa,Centaurea,Asteraceae,7.2a,7.2,7
Cephalanthera longifolia,Cephalanthera,Orchidaceae,5.4,5.4,5
Cerastium fontanum,Cerastium,Caryophyllaceae,1.2bb,1.2,1
Cerastium latifolium,Cerastium,Caryophyllaceae,1.2bb,1.2,1
Chaerophyllum hirsutum,Chaerophyllum,Apiaceae,1.2a,1.2,1
Chrysosplenium alternifolium,Chrysosplenium,Saxifragaceae,1.2a,1.2,1
Cirsium arvense,Cirsium,Asteraceae,7.2a,7.2,7
Cirsium oleraceum,Cirsium,Asteraceae,7.2a,7.2,7
Cirsium palustre,Cirsium,Asteraceae,7.2a,7.2,7
Cirsium spinosissimum,Cirsium,Asteraceae,7.2a,7.2,7
Cirsium vulgare,Cirsium,Asteraceae,7.2a,7.2,7
Clinopodium vulgare,Clinopodium,Lamiaceae,5.1,5.1,5
Coeloglossum viride,Coeloglossum,Orchidaceae,5.4,5.4,5
Convallaria majalis,Convallaria,Asparagaceae,3.1,3.1,3
Crepis alpestris,Crepis,Asteraceae,7.2b,7.2,7
Crepis aurea,Crepis,Asteraceae,7.2b,7.2,7
Crepis biennis,Crepis,Asteraceae,7.2b,7.2,7
Crepis paludosa,Crepis,Asteraceae,7.2b,7.2,7
Crepis terglouensis,Crepis,Asteraceae,7.2b,7.2,7
Crocus albiflorus,Crocus,Iridaceae,2.1,2.1,2
Cruciata laevipes,Cruciata,Rubiaceae,1.2a,1.2,1
Cuscuta epithymum,Cuscuta,Convolvulaceae,3.2,3.2,3
Cynosurus cristatus,Cynosurus,Poaceae,0,0,0
Dactylis glomerata,Dactylis,Poaceae,0,0,0
Dactylorhiza incarnata,Dactylorhiza,Orchidaceae,5.4,5.4,5
Dactylorhiza maculata,Dactylorhiza,Orchidaceae,5.4,5.4,5
Dactylorhiza majalis,Dactylorhiza,Orchidaceae,5.4,5.4,5
Daphne mezereum,Daphne,Thymelaeaceae,4.1,4.1,4
Daucus carota,Daucus,Apiaceae,1.2a,1.2,1
Dentaria enneaphyllos,Dentaria,Brassicaceae,1.2bb,1.2,1
Deschampsia cespitosa,Deschampsia,Poaceae,0,0,0
Doronicum grandiflorum,Doronicum,Asteraceae,7.2c,7.2,7
Draba aizoides,Draba,Brassicaceae,1.2bb,1.2,1
Dryas octopetala,Dryas,Rosaceae,1.2ba,1.2,1
Epilobium alpestre,Epilobium,Onagraceae,1.2ba,1.2,1
Epilobium alsinifolium,Epilobium,Onagraceae,1.2ba,1.2,1
Epilobium angustifolium,Epilobium,Onagraceae,1.2ba,1.2,1
Epilobium montanum,Epilobium,Onagraceae,1.2ba,1.2,1
Epipactis atrorubens,Epipactis,Orchidaceae,5.4,5.4,5
Erica carnea,Erica,Ericaceae,3.1,3.1,3
Erigeron annuus,Erigeron,Asteraceae,7.2c,7.2,7
Erigeron uniflorus,Erigeron,Asteraceae,7.2c,7.2,7
Eupatorium cannabinum,Eupatorium,Asteraceae,7.2a,7.2,7
Euphorbia amygdaloides,Euphorbia,Euphorbiaceae,1.2a,1.2,1
Euphorbia cyparissias,Euphorbia,Euphorbiaceae,1.2a,1.2,1
Euphrasia minima,Euphrasia,Orobanchaceae,5.1,5.1,5
Euphrasia picta,Euphrasia,Orobanchaceae,NA,5.1,5
Euphrasia rostkoviana,Euphrasia,Orobanchaceae,NA,5.1,5
Festuca nigrescens,Festuca,Poaceae,0,0,0
Festuca pratensis,Festuca,Poaceae,0,0,0
Festuca quadriflora,Festuca,Poaceae,0,0,0
Ficaria verna,Ficaria,Ranunculaceae,NA,1.2,1
Fragaria vesca,Fragaria,Rosaceae,1.2ba,1.2,1
Galeopsis speciosa,Galeopsis,Lamiaceae,5.1,5.1,5
Galeopsis tetrahit,Galeopsis,Lamiaceae,5.1,5.1,5
Galium album,Galium,Rubiaceae,1.2a,1.2,1
Galium anisophyllon,Galium,Rubiaceae,1.2a,1.2,1
Galium pumilum,Galium,Rubiaceae,1.2a,1.2,1
Gentiana asclepiadea,Gentiana,Gentianaceae,2.1,2.1,2
Gentianella aspera,Gentianella,Gentianaceae,2.1,2.1,2
Gentianella aspera,Gentianella,Gentianaceae,2.1,2.1,2
Gentiana bavarica,Gentiana,Gentianaceae,4.1,4.1,4
Gentianella ciliata,Gentianella,Gentianaceae,2.1,2.1,2
Gentianella ciliata,Gentianella,Gentianaceae,2.1,2.1,2
Gentiana clusii,Gentiana,Gentianaceae,2.1,2.1,2
Gentiana cruciata,Gentiana,Gentianaceae,2.1,2.1,2
Gentiana nivalis,Gentiana,Gentianaceae,4.1,4.1,4
Gentiana pannonica,Gentiana,Gentianaceae,2.1,2.1,2
Gentiana utriculosa,Gentiana,Gentianaceae,4.1,4.1,4
Gentiana verna,Gentiana,Gentianaceae,4.1,4.1,4
Geranium robertianum,Geranium,Geraniaceae,1.2bb,1.2,1
Geranium sylvaticum,Geranium,Geraniaceae,1.2bb,1.2,1
Geum rivale,Geum,Rosaceae,3.2,3.2,3
Geum urbanum,Geum,Rosaceae,1.2ba,1.2,1
Glechoma hederacea,Glechoma,Lamiaceae,5.1,5.1,5
Globularia cordifolia,Globularia,Plantaginaceae,7.1,7.1,7
Globularia nudicaulis,Globularia,Plantaginaceae,7.1,7.1,7
Platanthera bifolia,Platanthera,Orchidaceae,5.4,5.4,5
Gymnadenia conopsea,Gymnadenia,Orchidaceae,5.4,5.4,5
Gymnadenia odoratissima,Gymnadenia,Orchidaceae,5.4,5.4,5
Gypsophila repens,Gypsophila,Caryophyllaceae,2.2,2.2,2
Hedysarum hedysaroides,Hedysarum,Fabaceae,6.1a,6.1,6
Helianthemum alpestre,Helianthemum,Cistaceae,1.1,1.1,1
Helianthemum nummularium,Helianthemum,Cistaceae,1.1,1.1,1
Helictotrichon pubescens,Helictotrichon,Poaceae,0,0,0
Helleborus niger,Helleborus,Ranunculaceae,1.2bf,1.2,1
Hepatica nobilis,Hepatica,Ranunculaceae,1.1,1.1,1
Heracleum austriacum,Heracleum,Apiaceae,1.2a,1.2,1
Heracleum sphondylium,Heracleum,Apiaceae,1.2a,1.2,1
Hieracium bifidum,Hieracium,Asteraceae,7.2b,7.2,7
Hieracium murorum,Hieracium,Asteraceae,7.2b,7.2,7
Hieracium pilosella,Hieracium,Asteraceae,7.2b,7.2,7
Hieracium pilosum,Hieracium,Asteraceae,7.2b,7.2,7
Hieracium villosum,Hieracium,Asteraceae,7.2b,7.2,7
Hippocrepis comosa,Hippocrepis,Fabaceae,6.1c,6.1,6
Holcus lanatus,Holcus,Poaceae,0,0,0
Homogyne alpina,Homogyne,Asteraceae,7.2a,7.2,7
Hypericum maculatum,Hypericum,Hypericaceae,1.1,1.1,1
Hypericum perforatum,Hypericum,Hypericaceae,1.1,1.1,1
Impatiens noli-tangere,Impatiens,Balsaminaceae,5.2,5.2,5
Juncus trifidus,Juncus,Juncaceae,0,0,0
Juniperus communis,Juniperus,Cupressaceae,0,0,0
Knautia arvensis,Knautia,Caprifoliaceae,7.1,7.1,7
Knautia dipsacifolia,Knautia,Caprifoliaceae,7.1,7.1,7
Lamium galeobdolon,Lamium,Lamiaceae,NA,5.1,5
Lamium maculatum,Lamium,Lamiaceae,5.1,5.1,5
Lathyrus pratensis,Lathyrus,Fabaceae,6.1b,6.1,6
Leontodon hispidus,Leontodon,Asteraceae,7.2b,7.2,7
Leucanthemum halleri,Leucanthemum,Asteraceae,7.2c,7.2,7
Leucanthemum vulgare,Leucanthemum,Asteraceae,7.2c,7.2,7
Ligusticum mutellina,Ligusticum,Apiaceae,1.2a,1.2,1
Lilium martagon,Lilium,Liliaceae,3.2,3.2,3
Linaria alpina,Linaria,Plantaginaceae,5.3,5.3,5
Linaria vulgaris,Linaria,Plantaginaceae,5.3,5.3,5
Linum catharticum,Linum,Linaceae,1.2bb,1.2,1
Listera ovata,Listera,Orchidaceae,5.4,5.4,5
Lolium perenne,Lolium,Poaceae,0,0,0
Lotus corniculatus,Lotus,Fabaceae,6.1c,6.1,6
Luzula glabrata,Luzula,Juncaceae,0,0,0
Luzula luzulina,Luzula,Juncaceae,0,0,0
Luzula multiflora,Luzula,Juncaceae,0,0,0
Luzula pilosa,Luzula,Juncaceae,0,0,0
Luzula sylvatica,Luzula,Juncaceae,0,0,0
Lysimachia nemorum,Lysimachia,Primulaceae,1.1,1.1,1
Lysimachia nummularia,Lysimachia,Primulaceae,1.1,1.1,1
Maianthemum bifolium,Maianthemum,Asparagaceae,1.2a,1.2,1
Malaxis monophyllos,Malaxis,Orchidaceae,5.4,5.4,5
Medicago lupulina,Medicago,Fabaceae,6.1b,6.1,6
Melampyrum sylvaticum,Melampyrum,Orobanchaceae,5.3,5.3,5
Melica nutans,Melica,Poaceae,0,0,0
Mentha longifolia,Mentha,Lamiaceae,2.2,2.2,2
Mercurialis perennis,Mercurialis,Euphorbiaceae,0,0,0
Minuartia gerardii,Minuartia,Caryophyllaceae,NA,1.2,1
Minuartia sedoides,Minuartia,Caryophyllaceae,1.2bb,1.2,1
Minuartia verna,Minuartia,Caryophyllaceae,1.2bb,1.2,1
Moehringia ciliata,Moehringia,Caryophyllaceae,1.2bb,1.2,1
Moehringia muscosa,Moehringia,Caryophyllaceae,1.2bb,1.2,1
Molinia caerulea,Molinia,Poaceae,0,0,0
Myosotis alpestris,Myosotis,Boraginaceae,4.1,4.1,4
Myosotis nemorosa,Myosotis,Boraginaceae,4.1,4.1,4
Myosotis sylvatica,Myosotis,Boraginaceae,4.1,4.1,4
Nigritella rhellicani,Nigritella,Orchidaceae,7.1,7.1,7
Ophrys insectifera,Ophrys,Orchidaceae,5.4,5.4,5
Orchis ustulata,Orchis,Orchidaceae,5.4,5.4,5
Origanum vulgare,Origanum,Lamiaceae,5.1,5.1,5
Oxalis acetosella,Oxalis,Oxalidaceae,1.2bc,1.2,1
Papaver aurantiacum,Papaver,Papaveraceae,NA,1.1,1
Paris quadrifolia,Paris,Melanthiaceae,1.1,1.1,1
Parnassia palustris,Parnassia,Celastraceae,1.2a,1.2,1
Pedicularis rostratocapitata,Pedicularis,Orobanchaceae,5.1,5.1,5
Pedicularis rostratospicata,Pedicularis,Orobanchaceae,5.1,5.1,5
Petasites albus,Petasites,Asteraceae,7.2a,7.2,7
Peucedanum ostruthium,Peucedanum,Apiaceae,1.2a,1.2,1
Phleum pratense,Phleum,Poaceae,0,0,0
Phleum rhaeticum,Phleum,Poaceae,0,0,0
Phyteuma orbiculare,Phyteuma,Campanulaceae,NA,7.1,7
Phyteuma spicatum,Phyteuma,Campanulaceae,NA,7.1,7
Pimpinella major,Pimpinella,Apiaceae,1.2a,1.2,1
Pinguicula alpina,Pinguicula,Lentibulariaceae,5.2,5.2,5
Plantago lanceolata,Plantago,Plantaginaceae,0,0,0
Plantago major,Plantago,Plantaginaceae,0,0,0
Plantago media,Plantago,Plantaginaceae,0,0,0
Poa alpina,Poa,Poaceae,0,0,0
Poa annua,Poa,Poaceae,0,0,0
Poa pratensis,Poa,Poaceae,0,0,0
Poa trivialis,Poa,Poaceae,0,0,0
Polygala alpestris,Polygala,Polygalaceae,6.2,6.2,6
Polygala amara,Polygala,Polygalaceae,6.2,6.2,6
Polygala amarella,Polygala,Polygalaceae,6.2,6.2,6
Polygala chamaebuxus,Polygala,Polygalaceae,6.2,6.2,6
Polygonatum odoratum,Polygonatum,Asparagaceae,3.2,3.2,3
Polygonatum verticillatum,Polygonatum,Asparagaceae,3.2,3.2,3
Polygonum viviparum,Polygonum,Polygonaceae,NA,3.2,3
Potentilla aurea,Potentilla,Rosaceae,1.2ba,1.2,1
Potentilla brauneana,Potentilla,Rosaceae,1.2ba,1.2,1
Potentilla erecta,Potentilla,Rosaceae,1.2ba,1.2,1
Potentilla reptans,Potentilla,Rosaceae,1.2ba,1.2,1
Prenanthes purpurea,Prenanthes,Asteraceae,7.2b,7.2,7
Primula auricula,Primula,Primulaceae,4.1,4.1,4
Primula elatior,Primula,Primulaceae,4.1,4.1,4
Primula farinosa,Primula,Primulaceae,4.1,4.1,4
Primula minima,Primula,Primulaceae,4.1,4.1,4
Primula veris,Primula,Primulaceae,4.1,4.1,4
Pritzelago alpina,Pritzelago,Brassicaceae,1.2bb,1.2,1
Prunella vulgaris,Prunella,Lamiaceae,5.1,5.1,5
Pseudorchis albida,Pseudorchis,Orchidaceae,5.4,5.4,5
Pulsatilla alpina,Pulsatilla,Ranunculaceae,3.2,3.2,3
Pyrola rotundifolia,Pyrola,Ericaceae,3.1,3.1,3
Ranunculus aconitifolius,Ranunculus,Ranunculaceae,1.2bc,1.2,1
Ranunculus acris,Ranunculus,Ranunculaceae,1.2bc,1.2,1
Ranunculus alpestris,Ranunculus,Ranunculaceae,1.2bc,1.2,1
Ranunculus ficaria,Ranunculus,Ranunculaceae,1.2bc,1.2,1
Ranunculus montanus,Ranunculus,Ranunculaceae,1.2bc,1.2,1
Ranunculus nemorosus,Ranunculus,Ranunculaceae,1.2bc,1.2,1
Ranunculus repens,Ranunculus,Ranunculaceae,1.2bc,1.2,1
Rhinanthus alectorolophus,Rhinanthus,Orobanchaceae,5.1,5.1,5
Rhinanthus glacialis,Rhinanthus,Orobanchaceae,5.1,5.1,5
Rhinanthus minor,Rhinanthus,Orobanchaceae,5.1,5.1,5
Rhododendron hirsutum,Rhododendron,Ericaceae,3.1,3.1,3
Rhodothamnus chamaecistus,Rhodothamnus,Ericaceae,5.6,5.6,5
Rumex acetosa,Rumex,Polygonaceae,0,0,0
Rumex alpestris,Rumex,Polygonaceae,NA,0,0
Rumex obtusifolius,Rumex,Polygonaceae,0,0,0
Sagina procumbens,Sagina,Caryophyllaceae,1.2bb,1.2,1
Sagina saginoides,Sagina,Caryophyllaceae,1.2bb,1.2,1
Salix retusa,Salix,Salicaceae,9,9,9
Salvia glutinosa,Salvia,Lamiaceae,5.1,5.1,5
Salvia verticillata,Salvia,Lamiaceae,5.1,5.1,5
Sanguisorba officinalis,Sanguisorba,Rosaceae,1.2ba,1.2,1
Sanicula europaea,Sanicula,Apiaceae,1.2a,1.2,1
Saxifraga aizoides,Saxifraga,Saxifragaceae,1.2a,1.2,1
Saxifraga androsacea,Saxifraga,Saxifragaceae,1.2a,1.2,1
Saxifraga caesia,Saxifraga,Saxifragaceae,1.2a,1.2,1
Saxifraga paniculata,Saxifraga,Saxifragaceae,1.2a,1.2,1
Saxifraga rotundifolia,Saxifraga,Saxifragaceae,1.2a,1.2,1
Saxifraga stellaris,Saxifraga,Saxifragaceae,1.2a,1.2,1
Scabiosa lucida,Scabiosa,Caprifoliaceae,7.1,7.1,7
Scrophularia nodosa,Scrophularia,Scrophulariaceae,5.2,5.2,5
Sedum album,Sedum,Crassulaceae,1.2bd,1.2,1
Sedum atratum,Sedum,Crassulaceae,1.2bd,1.2,1
Senecio abrotanifolius,Senecio,Asteraceae,7.2c,7.2,7
Senecio ovatus,Senecio,Asteraceae,7.2c,7.2,7
Sesleria albicans,Sesleria,Poaceae,0,0,0
Sesleria caerulea,Sesleria,Poaceae,NA,0,0
Silene acaulis,Silene,Caryophyllaceae,4.2,4.2,4
Silene dioica,Silene,Caryophyllaceae,4.2,4.2,4
Silene flos-cuculi,Silene,Caryophyllaceae,NA,4.2,4
Silene nutans,Silene,Caryophyllaceae,4.2,4.2,4
Silene vulgaris,Silene,Caryophyllaceae,4.2,4.2,4
Solanum dulcamara,Solanum,Solanaceae,1.1,1.1,1
Soldanella alpina,Soldanella,Primulaceae,3.1,3.1,3
Solidago virgaurea,Solidago,Asteraceae,7.2c,7.2,7
Stachys alopecuros,Stachys,Lamiaceae,NA,5.1,5
Stachys officinalis,Stachys,Lamiaceae,NA,5.1,5
Stachys sylvatica,Stachys,Lamiaceae,5.1,5.1,5
Stellaria graminea,Stellaria,Caryophyllaceae,1.2bb,1.2,1
Stellaria nemorum,Stellaria,Caryophyllaceae,1.2bb,1.2,1
Taraxacum officinale,Taraxacum,Asteraceae,NA,7.2,7
Teucrium chamaedrys,Teucrium,Lamiaceae,5.1,5.1,5
Thalictrum aquilegiifolium,Thalictrum,Ranunculaceae,9,9,9
Thesium alpinum,Thesium,Thesiaceae,1.2ba,1.2,1
Thymus praecox,Thymus,Lamiaceae,5.1,5.1,5
Thymus pulegioides,Thymus,Lamiaceae,5.1,5.1,5
Tofieldia calyculata,Tofieldia,Tofieldiaceae,1.2a,1.2,1
Tofieldia pusilla,Tofieldia,Tofieldiaceae,1.2a,1.2,1
Tragopogon pratensis,Tragopogon,Asteraceae,7.2b,7.2,7
Traunsteinera globosa,Traunsteinera,Orchidaceae,7.1,7.1,7
Trifolium badium,Trifolium,Fabaceae,6.1a,6.1,6
Trifolium medium,Trifolium,Fabaceae,6.1a,6.1,6
Trifolium montanum,Trifolium,Fabaceae,6.1a,6.1,6
Trifolium pratense,Trifolium,Fabaceae,6.1a,6.1,6
Trifolium repens,Trifolium,Fabaceae,6.1a,6.1,6
Trisetum flavescens,Trisetum,Poaceae,0,0,0
Trollius europaeus,Trollius,Ranunculaceae,1.2bf,1.2,1
Tussilago farfara,Tussilago,Asteraceae,7.2c,7.2,7
Urtica dioica,Urtica,Urticaceae,0,0,0
Vaccinium myrtillus,Vaccinium,Ericaceae,3.1,3.1,3
Vaccinium vitis-idaea,Vaccinium,Ericaceae,3.1,3.1,3
Valeriana dioica,Valeriana,Caprifoliaceae,2.2,2.2,2
Valeriana montana,Valeriana,Caprifoliaceae,2.2,2.2,2
Valeriana officinalis,Valeriana,Caprifoliaceae,2.2,2.2,2
Valeriana saxatilis,Valeriana,Caprifoliaceae,2.2,2.2,2
Valeriana tripteris,Valeriana,Caprifoliaceae,2.2,2.2,2
Veratrum album,Veratrum,Melanthiaceae,1.2a,1.2,1
Verbascum thapsus,Verbascum,Scrophulariaceae,5.6,5.6,5
Veronica alpina,Veronica,Plantaginaceae,5.6,5.6,5
Veronica aphylla,Veronica,Plantaginaceae,5.6,5.6,5
Veronica beccabunga,Veronica,Plantaginaceae,5.6,5.6,5
Veronica chamaedrys,Veronica,Plantaginaceae,5.6,5.6,5
Veronica filiformis,Veronica,Plantaginaceae,5.6,5.6,5
Veronica fruticans,Veronica,Plantaginaceae,5.6,5.6,5
Veronica officinalis,Veronica,Plantaginaceae,5.6,5.6,5
Veronica serpyllifolia,Veronica,Plantaginaceae,5.6,5.6,5
Vicia cracca,Vicia,Fabaceae,6.1b,6.1,6
Vicia sepium,Vicia,Fabaceae,6.1b,6.1,6
Vincetoxicum hirundinaria,Vincetoxicum,Apocynaceae,10.2,10.2,10
Viola biflora,Viola,Violaceae,5.5,5.5,5
Viola collina,Viola,Violaceae,5.5,5.5,5
Viola hirta,Viola,Violaceae,5.5,5.5,5
Viola reichenbachiana,Viola,Violaceae,5.5,5.5,5
Willemetia stipitata,Willemetia,Asteraceae,7.2b,7.2,7
Rubus idaeus,Rubus,Rosaceae,1.2ba,1.2,1
Rosa canina,Rosa,Rosaceae,1.1,1.1,1
Larix decidua,Larix,Pinaceae,0,0,0
Mentha aquatilis,Mentha,Lamiaceae,NA,2.2,2
Salix spec.,Salix,Salicaceae,NA,9,9
Caltha palustris,Caltha,Ranunculaceae,1.2bd,1.2,1
Pulmonaria officinalis,Pulmonaria,Boraginaceae,4.1,4.1,4
Rheum barbarum,Rheum,Polygonaceae,NA,7.1,7
Mentha arvensis,Mentha,Lamiaceae,2.2,2.2,2
Achillea collina,Achillea,NA,7.2c,7.2,7
Achillea pannonica,Achillea,NA,7.2c,7.2,7
Achillea pratensis,Achillea,NA,7.2c,7.2,7
Achillea roseoalba,Achillea,NA,7.2c,7.2,7
Achillea setacea,Achillea,NA,7.2c,7.2,7
Aconitum degenii,Aconitum,NA,5.2,5.2,5
Aconitum lycoctonum,Aconitum,NA,5.2,5.2,5
Aconitum plicatum,Aconitum,NA,5.2,5.2,5
Aconitum tauricum,Aconitum,NA,5.2,5.2,5
Alchemilla alpigena,Alchemilla,NA,1.2a,1.2,1
Alchemilla cleistophylla,Alchemilla,NA,1.2a,1.2,1
Alchemilla connivens,Alchemilla,NA,1.2a,1.2,1
Alchemilla coriacea,Alchemilla,NA,1.2a,1.2,1
Alchemilla crinita,Alchemilla,NA,1.2a,1.2,1
Alchemilla cymatophylla,Alchemilla,NA,1.2a,1.2,1
Alchemilla decumbens,Alchemilla,NA,1.2a,1.2,1
Alchemilla effusa,Alchemilla,NA,1.2a,1.2,1
Alchemilla filicaulis,Alchemilla,NA,1.2a,1.2,1
Alchemilla fissa,Alchemilla,NA,1.2a,1.2,1
Alchemilla glabra,Alchemilla,NA,1.2a,1.2,1
Alchemilla glaucescens,Alchemilla,NA,1.2a,1.2,1
Alchemilla glomerulans,Alchemilla,NA,1.2a,1.2,1
Alchemilla hoppeana,Alchemilla,NA,1.2a,1.2,1
Alchemilla impexa,Alchemilla,NA,1.2a,1.2,1
Alchemilla lineata,Alchemilla,NA,1.2a,1.2,1
Alchemilla lunaria,Alchemilla,NA,1.2a,1.2,1
Alchemilla micans,Alchemilla,NA,1.2a,1.2,1
Alchemilla monticola,Alchemilla,NA,1.2a,1.2,1
Alchemilla obtusa,Alchemilla,NA,1.2a,1.2,1
Alchemilla pallens,Alchemilla,NA,1.2a,1.2,1
Alchemilla propinqua,Alchemilla,NA,1.2a,1.2,1
Alchemilla reniformis,Alchemilla,NA,1.2a,1.2,1
Alchemilla rubristipula,Alchemilla,NA,1.2a,1.2,1
Alchemilla straminea,Alchemilla,NA,1.2a,1.2,1
Alchemilla strigosula,Alchemilla,NA,1.2a,1.2,1
Alchemilla subcrenata,Alchemilla,NA,1.2a,1.2,1
Alchemilla subglobosa,Alchemilla,NA,1.2a,1.2,1
Alchemilla tenuis,Alchemilla,NA,1.2a,1.2,1
Alchemilla tirolensis,Alchemilla,NA,1.2a,1.2,1
Alchemilla undulata,Alchemilla,NA,1.2a,1.2,1
Alchemilla versipila,Alchemilla,NA,1.2a,1.2,1
Alchemilla xanthochlora,Alchemilla,NA,1.2a,1.2,1
Allium cirrhosum,Allium,NA,1.2bd,1.2,1
Anthoxanthum aristatum,Anthoxanthum,NA,0,0,0
Anthriscus nitida,Anthriscus,NA,1.2a,1.2,1
Arabis bellidifolia,Arabis,NA,1.2bb,1.2,1
Arabis caucasica,Arabis,NA,1.2bb,1.2,1
Arabis nemorensis,Arabis,NA,1.2bb,1.2,1
Arctostaphylos alpinus,Arctostaphylos,NA,3.1,3.1,3
Betonica alopecuros,Betonica,NA,5.1,5.1,5
Betonica officinalis,Betonica,NA,5.1,5.1,5
Bistorta vivipara,Bistorta,NA,3.2,3.2,3
Brachypodium rupestre,Brachypodium,NA,0,0,0
Cardamine dentata,Cardamine,NA,1.2bb,1.2,1
Cardamine udicola,Cardamine,NA,1.2bb,1.2,1
Carex ovalis,Carex,NA,0,0,0
Carex parviflora,Carex,NA,0,0,0
Carex vaginata,Carex,NA,0,0,0
Carlina biebersteinii,Carlina,NA,7.2a,7.2,7
Centaurea microptilon,Centaurea,NA,7.2a,7.2,7
Cerastium holosteoides,Cerastium,NA,1.2bb,1.2,1
Cerastium lucorum,Cerastium,NA,1.2bb,1.2,1
Crocus vernus,Crocus,NA,2.1,2.1,2
Cuscuta trifolii,Cuscuta,NA,3.2,3.2,3
Dactylis polygama,Dactylis,NA,0,0,0
Dactylorhiza cruenta,Dactylorhiza,NA,5.4,5.4,5
Dactylorhiza curvifolia,Dactylorhiza,NA,5.4,5.4,5
Dactylorhiza fuchsii,Dactylorhiza,NA,5.4,5.4,5
Dactylorhiza lapponica,Dactylorhiza,NA,5.4,5.4,5
Dactylorhiza praetermissa,Dactylorhiza,NA,5.4,5.4,5
Dactylorhiza ruthei,Dactylorhiza,NA,5.4,5.4,5
Dactylorhiza sphagnicola,Dactylorhiza,NA,5.4,5.4,5
Dactylorhiza traunsteineri,Dactylorhiza,NA,5.4,5.4,5
Dactylorhiza xtransiens,Dactylorhiza,NA,5.4,5.4,5
Deschampsia littoralis,Deschampsia,NA,0,0,0
Deschampsia wibeliana,Deschampsia,NA,0,0,0
Euphrasia frigida,Euphrasia,NA,5.1,5.1,5
Euphrasia officinalis,Euphrasia,NA,5.1,5.1,5
Fragaria moschata,Fragaria,NA,1.2ba,1.2,1
Fragaria viridis,Fragaria,NA,1.2ba,1.2,1
Fragaria xananassa,Fragaria,NA,1.2ba,1.2,1
Galeobdolon argentatum,Galeobdolon,NA,5.1,5.1,5
Galeobdolon flavidum,Galeobdolon,NA,5.1,5.1,5
Galeobdolon luteum,Galeobdolon,NA,5.1,5.1,5
Galeobdolon montanum,Galeobdolon,NA,5.1,5.1,5
Galium sterneri,Galium,NA,1.2a,1.2,1
Galium suecicum,Galium,NA,1.2a,1.2,1
Galium valdepilosum,Galium,NA,1.2a,1.2,1
Geranium purpureum,Geranium,NA,1.2bb,1.2,1
Hieracium adriaticiforme,Hieracium,NA,7.2b,7.2,7
Hieracium anchusoides,Hieracium,NA,7.2b,7.2,7
Hieracium angustifolium,Hieracium,NA,7.2b,7.2,7
Hieracium apatelium,Hieracium,NA,7.2b,7.2,7
Hieracium aridum,Hieracium,NA,7.2b,7.2,7
Hieracium arnoserioides,Hieracium,NA,7.2b,7.2,7
Hieracium arvicola,Hieracium,NA,7.2b,7.2,7
Hieracium aurantiacum,Hieracium,NA,7.2b,7.2,7
Hieracium auriculoides,Hieracium,NA,7.2b,7.2,7
Hieracium basifurcum,Hieracium,NA,7.2b,7.2,7
Hieracium bauhini,Hieracium,NA,7.2b,7.2,7
Hieracium bifurcum,Hieracium,NA,7.2b,7.2,7
Hieracium brachiatum,Hieracium,NA,7.2b,7.2,7
Hieracium brachycomum,Hieracium,NA,7.2b,7.2,7
Hieracium caespitosum,Hieracium,NA,7.2b,7.2,7
Hieracium calodon,Hieracium,NA,7.2b,7.2,7
Hieracium chaetocephalum,Hieracium,NA,7.2b,7.2,7
Hieracium chlorops,Hieracium,NA,7.2b,7.2,7
Hieracium cinereiforme,Hieracium,NA,7.2b,7.2,7
Hieracium cochleatum,Hieracium,NA,7.2b,7.2,7
Hieracium cymosum,Hieracium,NA,7.2b,7.2,7
Hieracium densiflorum,Hieracium,NA,7.2b,7.2,7
Hieracium dubium,Hieracium,NA,7.2b,7.2,7
Hieracium echioides,Hieracium,NA,7.2b,7.2,7
Hieracium euchaetium,Hieracium,NA,7.2b,7.2,7
Hieracium fallaciforme,Hieracium,NA,7.2b,7.2,7
Hieracium fallacinum,Hieracium,NA,7.2b,7.2,7
Hieracium fallax,Hieracium,NA,7.2b,7.2,7
Hieracium flagellare,Hieracium,NA,7.2b,7.2,7
Hieracium floribundum,Hieracium,NA,7.2b,7.2,7
Hieracium fuscum,Hieracium,NA,7.2b,7.2,7
Hieracium glomeratum,Hieracium,NA,7.2b,7.2,7
Hieracium guthnickianum,Hieracium,NA,7.2b,7.2,7
Hieracium heterodoxum,Hieracium,NA,7.2b,7.2,7
Hieracium hoppeanum,Hieracium,NA,7.2b,7.2,7
Hieracium hybridum,Hieracium,NA,7.2b,7.2,7
Hieracium hypeuryum,Hieracium,NA,7.2b,7.2,7
Hieracium iseranum,Hieracium,NA,7.2b,7.2,7
Hieracium kalksburgense,Hieracium,NA,7.2b,7.2,7
Hieracium koernickeanum,Hieracium,NA,7.2b,7.2,7
Hieracium lactucella,Hieracium,NA,7.2b,7.2,7
Hieracium leptoclados,Hieracium,NA,7.2b,7.2,7
Hieracium leptophyton,Hieracium,NA,7.2b,7.2,7
Hieracium leucense,Hieracium,NA,7.2b,7.2,7
Hieracium longisquamum,Hieracium,NA,7.2b,7.2,7
Hieracium macranthelum,Hieracium,NA,7.2b,7.2,7
Hieracium macranthum,Hieracium,NA,7.2b,7.2,7
Hieracium macrostolonum,Hieracium,NA,7.2b,7.2,7
Hieracium montanum,Hieracium,NA,7.2b,7.2,7
Hieracium nassovicum,Hieracium,NA,7.2b,7.2,7
Hieracium niphostribes,Hieracium,NA,7.2b,7.2,7
Hieracium nothum,Hieracium,NA,7.2b,7.2,7
Hieracium paragogum,Hieracium,NA,7.2b,7.2,7
Hieracium peleterianum,Hieracium,NA,7.2b,7.2,7
Hieracium piloselliflorum,Hieracium,NA,7.2b,7.2,7
Hieracium pilosellinum,Hieracium,NA,7.2b,7.2,7
Hieracium piloselloides,Hieracium,NA,7.2b,7.2,7
Hieracium polymastix,Hieracium,NA,7.2b,7.2,7
Hieracium prussicum,Hieracium,NA,7.2b,7.2,7
Hieracium pseudeffusum,Hieracium,NA,7.2b,7.2,7
Hieracium rothianum,Hieracium,NA,7.2b,7.2,7
Hieracium rubriflorum,Hieracium,NA,7.2b,7.2,7
Hieracium schneidii,Hieracium,NA,7.2b,7.2,7
Hieracium schultesii,Hieracium,NA,7.2b,7.2,7
Hieracium sciadophorum,Hieracium,NA,7.2b,7.2,7
Hieracium sphaerocephalum,Hieracium,NA,7.2b,7.2,7
Hieracium spurium,Hieracium,NA,7.2b,7.2,7
Hieracium stoloniflorum,Hieracium,NA,7.2b,7.2,7
Hieracium substoloniflorum,Hieracium,NA,7.2b,7.2,7
Hieracium sulphureum,Hieracium,NA,7.2b,7.2,7
Hieracium viridifolium,Hieracium,NA,7.2b,7.2,7
Hieracium visianii,Hieracium,NA,7.2b,7.2,7
Hieracium vulgatum,Hieracium,NA,7.2b,7.2,7
Hieracium walteri-langii,Hieracium,NA,7.2b,7.2,7
Hieracium zizianum,Hieracium,NA,7.2b,7.2,7
Hypericum xdesetangsii,Hypericum,NA,1.1,1.1,1
Juniperus sibirica,Juniperus,NA,0,0,0
Knautia kitaibelii,Knautia,NA,7.1,7.1,7
Leucanthemum adustum,Leucanthemum,NA,7.2c,7.2,7
Leucanthemum ircutianum,Leucanthemum,NA,7.2c,7.2,7
Lolium multiflorum,Lolium,NA,0,0,0
Lotus alpinus,Lotus,NA,6.1c,6.1,6
Lotus tenuis,Lotus,NA,6.1c,6.1,6
Luzula alpina,Luzula,NA,0,0,0
Luzula congesta,Luzula,NA,0,0,0
Luzula divulgata,Luzula,NA,0,0,0
Luzula sudetica,Luzula,NA,0,0,0
Lychnis flos-cuculi,Lychnis,NA,4.2,4.2,4
Melica picta,Melica,NA,0,0,0
Melica uniflora,Melica,NA,0,0,0
Mercurialis ovata,Mercurialis,NA,0,0,0
Molinia arundinacea,Molinia,NA,0,0,0
Myosotis decumbens,Myosotis,NA,4.1,4.1,4
Ophrys holoserica,Ophrys,NA,5.4,5.4,5
Phleum alpinum,Phleum,NA,0,0,0
Phleum bertolonii,Phleum,NA,0,0,0
Plantago intermedia,Plantago,NA,0,0,0
Plantago winteri,Plantago,NA,0,0,0
Poa angustifolia,Poa,NA,0,0,0
Poa badensis,Poa,NA,0,0,0
Poa humilis,Poa,NA,0,0,0
Poa supina,Poa,NA,0,0,0
Primula vulgaris,Primula,NA,4.1,4.1,4
Prunella grandiflora,Prunella,NA,5.1,5.1,5
Prunella laciniata,Prunella,NA,5.1,5.1,5
Pulmonaria obscura,Pulmonaria,NA,4.1,4.1,4
Pulsatilla micrantha,Pulsatilla,NA,3.2,3.2,3
Ranunculus breyninus,Ranunculus,NA,1.2bc,1.2,1
Ranunculus carinthiacus,Ranunculus,NA,1.2bc,1.2,1
Ranunculus platanifolius,Ranunculus,NA,1.2bc,1.2,1
Ranunculus polyanthemoides,Ranunculus,NA,1.2bc,1.2,1
Ranunculus polyanthemophyllus,Ranunculus,NA,1.2bc,1.2,1
Ranunculus polyanthemos,Ranunculus,NA,1.2bc,1.2,1
Ranunculus serpens,Ranunculus,NA,1.2bc,1.2,1
Ranunculus villarsii,Ranunculus,NA,1.2bc,1.2,1
Rhinanthus rumelicus,Rhinanthus,NA,5.1,5.1,5
Rosa corymbifera,Rosa,NA,1.1,1.1,1
Rosa dumalis,Rosa,NA,1.1,1.1,1
Rumex arifolius,Rumex,NA,0,0,0
Salix serpillifolia,Salix,NA,9,9,9
Senecio germanicus,Senecio,NA,7.2c,7.2,7
Taraxacum sect.,Taraxacum,NA,7.2b,7.2,7
Taraxacum sect.,Taraxacum,NA,7.2b,7.2,7
Taraxacum sect.,Taraxacum,NA,7.2b,7.2,7
Tragopogon minor,Tragopogon,NA,7.2b,7.2,7
Tragopogon orientalis,Tragopogon,NA,7.2b,7.2,7
Valeriana pratensis,Valeriana,NA,2.2,2.2,2
Valeriana procurrens,Valeriana,NA,2.2,2.2,2
Valeriana sambucifolia,Valeriana,NA,2.2,2.2,2
Valeriana versifolia,Valeriana,NA,2.2,2.2,2
Valeriana wallrothii,Valeriana,NA,2.2,2.2,2
Vicia dalmatica,Vicia,NA,6.1b,6.1,6
Vicia tenuifolia,Vicia,NA,6.1b,6.1,6
Salix sp,Salix,NA,NA,9,9
Taraxacum alpinum,Taraxacum,NA,NA,7.2,7
Huperzia selago,Huperzia,NA,NA,NA,NA
Tolpis staticifolia,Tolpis,NA,7.2b,7.2,7
Teucrium montanum,Teucrium,NA,5.1,5.1,5
Silene viscosa,Silene,NA,4.2,4.2,4
Silene pusilla,Silene,NA,4.2,4.2,4
Nigritella nigra,Nigritella,NA,7.1,7.1,7
Melampyrum pratense,Melampyrum,NA,5.3,5.3,5
Leontopodium alpinum,Leontopodium,NA,7.2a,7.2,7
Leontodon sp.,Leontodon,NA,7.2b,7.2,7
Laserpitium siler,Laserpitium,NA,1.2a,1.2,1
Hieracium sp. 1,Hieracium,NA,7.2b,7.2,7
Hieracium sp. 2,Hieracium,NA,7.2b,7.2,7
Hieracium sp. 3,Hieracium,NA,7.2b,7.2,7
Hieracium sp. 4,Hieracium,NA,7.2b,7.2,7
Hieracium glaucum,Hieracium,NA,7.2b,7.2,7
Hieracium glanduliferum,Hieracium,NA,7.2b,7.2,7
Galium uliginosum,Galium,NA,NA,NA,NA
Erigeron glabratus,Erigeron,NA,7.2c,7.2,7
Crepis sp.,Crepis,NA,7.2b,7.2,7
Clematis alpina,Clematis,NA,1.1,1.1,1
Cicerbita alpina,Cicerbita,NA,7.2b,7.2,7
Chaerophyllum hirsutum ssp. Villarsii,Chaerophyllum,NA,1.2a,1.2,1
Aquilegia vulgaris,Aquilegia,NA,3.2,3.2,3
Anthriscus nitidus,Anthriscus,NA,1.2a,1.2,1
Antennaria carpatica,Antennaria,NA,7.2a,7.2,7
Allium lusitanicum,Allium,NA,1.2bd,1.2,1
Rheum rhabarbarum,Rheum,NA,1.2bb,1.2,1
Mentha aquatica,Mentha,NA,2.2,2.2,2
Phyteuma nigrum,Phyteuma,NA,7.1,7.1,7
