BiolFlor-Name;Floral rewards;;;
;Floral rewards;Amount of floral reward;Reference
Achillea millefolium L.;nectar;present;Knuth, P. 1898: Handbuch der Blütenbiologie. Leipzig;
Acinos alpinus (L.) Moench;nectar;present;Knuth, P. 1898: Handbuch der Blütenbiologie. Leipzig;
Aconitum degenii (Arcang.) Mucher;nectar;present;Knuth, P. 1898: Handbuch der Blütenbiologie. Leipzig;
Aconitum lycoctonum (Rchb. ex Spreng.) Nyman;nectar;plenty;Knuth, P. 1898: Handbuch der Blütenbiologie. Leipzig;
Aconitum napellus L.;nectar;present;Knuth, P. 1898: Handbuch der Blütenbiologie. Leipzig;
Aconitum variegatum L.;nectar;present;Knuth, P. 1898: Handbuch der Blütenbiologie. Leipzig;
Adenostyles alliariae (Gouan) A. Kern.;nectar;present;Knuth, P. 1898: Handbuch der Blütenbiologie. Leipzig;
Aegopodium podagraria L.;nectar;present;Knuth, P. 1898: Handbuch der Blütenbiologie. Leipzig;
Ajuga reptans L.;nectar;present;Knuth, P. 1898: Handbuch der Blütenbiologie. Leipzig;
Alchemilla alpigena Buser;nectar;present;Fröhner, S. 1995: Alchemilla, Aphanes. In: Hegi, G.B. (Hrsg.) Illustrierte Flora von Mitteleuropa, 4 (2b), S. 13-249, Blackwell, Berlin;
Alchemilla cleistophylla Rothm. & O. Schwarz;nectar;present;Fröhner, S. 1995: Alchemilla, Aphanes. In: Hegi, G.B. (Hrsg.) Illustrierte Flora von Mitteleuropa, 4 (2b), S. 13-249, Blackwell, Berlin;
Alchemilla connivens Buser;nectar;present;Fröhner, S. 1995: Alchemilla, Aphanes. In: Hegi, G.B. (Hrsg.) Illustrierte Flora von Mitteleuropa, 4 (2b), S. 13-249, Blackwell, Berlin;
Alchemilla coriacea Buser;nectar;present;Fröhner, S. 1995: Alchemilla, Aphanes. In: Hegi, G.B. (Hrsg.) Illustrierte Flora von Mitteleuropa, 4 (2b), S. 13-249, Blackwell, Berlin;
Alchemilla crinita Buser;nectar;present;Fröhner, S. 1995: Alchemilla, Aphanes. In: Hegi, G.B. (Hrsg.) Illustrierte Flora von Mitteleuropa, 4 (2b), S. 13-249, Blackwell, Berlin;
Alchemilla cymatophylla Juz.;nectar;present;Fröhner, S. 1995: Alchemilla, Aphanes. In: Hegi, G.B. (Hrsg.) Illustrierte Flora von Mitteleuropa, 4 (2b), S. 13-249, Blackwell, Berlin;
Alchemilla decumbens Buser;nectar;present;Fröhner, S. 1995: Alchemilla, Aphanes. In: Hegi, G.B. (Hrsg.) Illustrierte Flora von Mitteleuropa, 4 (2b), S. 13-249, Blackwell, Berlin;
Alchemilla effusa Buser;nectar;present;Fröhner, S. 1995: Alchemilla, Aphanes. In: Hegi, G.B. (Hrsg.) Illustrierte Flora von Mitteleuropa, 4 (2b), S. 13-249, Blackwell, Berlin;
Alchemilla filicaulis Buser;nectar;present;Fröhner, S. 1995: Alchemilla, Aphanes. In: Hegi, G.B. (Hrsg.) Illustrierte Flora von Mitteleuropa, 4 (2b), S. 13-249, Blackwell, Berlin;
Alchemilla fissa Günther & Schummel;nectar;present;Fröhner, S. 1995: Alchemilla, Aphanes. In: Hegi, G.B. (Hrsg.) Illustrierte Flora von Mitteleuropa, 4 (2b), S. 13-249, Blackwell, Berlin;
Alchemilla glabra Neygenf.;nectar;present;Fröhner, S. 1995: Alchemilla, Aphanes. In: Hegi, G.B. (Hrsg.) Illustrierte Flora von Mitteleuropa, 4 (2b), S. 13-249, Blackwell, Berlin;
Alchemilla glaucescens Wallr.;nectar;present;Fröhner, S. 1995: Alchemilla, Aphanes. In: Hegi, G.B. (Hrsg.) Illustrierte Flora von Mitteleuropa, 4 (2b), S. 13-249, Blackwell, Berlin;
Alchemilla glomerulans Buser;nectar;present;Fröhner, S. 1995: Alchemilla, Aphanes. In: Hegi, G.B. (Hrsg.) Illustrierte Flora von Mitteleuropa, 4 (2b), S. 13-249, Blackwell, Berlin;
Alchemilla hoppeana (Rchb.) Dalla Torre;nectar;present;Fröhner, S. 1995: Alchemilla, Aphanes. In: Hegi, G.B. (Hrsg.) Illustrierte Flora von Mitteleuropa, 4 (2b), S. 13-249, Blackwell, Berlin;
Alchemilla impexa Buser;nectar;present;Fröhner, S. 1995: Alchemilla, Aphanes. In: Hegi, G.B. (Hrsg.) Illustrierte Flora von Mitteleuropa, 4 (2b), S. 13-249, Blackwell, Berlin;
Alchemilla lineata Buser;nectar;present;Fröhner, S. 1995: Alchemilla, Aphanes. In: Hegi, G.B. (Hrsg.) Illustrierte Flora von Mitteleuropa, 4 (2b), S. 13-249, Blackwell, Berlin;
Alchemilla lunaria S. E. Fröhner;nectar;present;Fröhner, S. 1995: Alchemilla, Aphanes. In: Hegi, G.B. (Hrsg.) Illustrierte Flora von Mitteleuropa, 4 (2b), S. 13-249, Blackwell, Berlin;
Alchemilla micans Buser;nectar;present;Fröhner, S. 1995: Alchemilla, Aphanes. In: Hegi, G.B. (Hrsg.) Illustrierte Flora von Mitteleuropa, 4 (2b), S. 13-249, Blackwell, Berlin;
Alchemilla monticola Opiz;nectar;present;Fröhner, S. 1995: Alchemilla, Aphanes. In: Hegi, G.B. (Hrsg.) Illustrierte Flora von Mitteleuropa, 4 (2b), S. 13-249, Blackwell, Berlin;
Alchemilla obtusa Buser;nectar;present;Fröhner, S. 1995: Alchemilla, Aphanes. In: Hegi, G.B. (Hrsg.) Illustrierte Flora von Mitteleuropa, 4 (2b), S. 13-249, Blackwell, Berlin;
Alchemilla pallens Buser;nectar;present;Fröhner, S. 1995: Alchemilla, Aphanes. In: Hegi, G.B. (Hrsg.) Illustrierte Flora von Mitteleuropa, 4 (2b), S. 13-249, Blackwell, Berlin;
Alchemilla propinqua H. Lindb. ex Juz.;nectar;present;Fröhner, S. 1995: Alchemilla, Aphanes. In: Hegi, G.B. (Hrsg.) Illustrierte Flora von Mitteleuropa, 4 (2b), S. 13-249, Blackwell, Berlin;
Alchemilla reniformis Buser;nectar;present;Fröhner, S. 1995: Alchemilla, Aphanes. In: Hegi, G.B. (Hrsg.) Illustrierte Flora von Mitteleuropa, 4 (2b), S. 13-249, Blackwell, Berlin;
Alchemilla rubristipula Buser;nectar;present;Fröhner, S. 1995: Alchemilla, Aphanes. In: Hegi, G.B. (Hrsg.) Illustrierte Flora von Mitteleuropa, 4 (2b), S. 13-249, Blackwell, Berlin;
Alchemilla straminea Buser;nectar;present;Fröhner, S. 1995: Alchemilla, Aphanes. In: Hegi, G.B. (Hrsg.) Illustrierte Flora von Mitteleuropa, 4 (2b), S. 13-249, Blackwell, Berlin;
Alchemilla strigosula Buser;nectar;present;Fröhner, S. 1995: Alchemilla, Aphanes. In: Hegi, G.B. (Hrsg.) Illustrierte Flora von Mitteleuropa, 4 (2b), S. 13-249, Blackwell, Berlin;
Alchemilla subcrenata Buser;nectar;present;Fröhner, S. 1995: Alchemilla, Aphanes. In: Hegi, G.B. (Hrsg.) Illustrierte Flora von Mitteleuropa, 4 (2b), S. 13-249, Blackwell, Berlin;
Alchemilla subglobosa C. G. Westerl.;nectar;present;Fröhner, S. 1995: Alchemilla, Aphanes. In: Hegi, G.B. (Hrsg.) Illustrierte Flora von Mitteleuropa, 4 (2b), S. 13-249, Blackwell, Berlin;
Alchemilla tenuis Buser;nectar;present;Fröhner, S. 1995: Alchemilla, Aphanes. In: Hegi, G.B. (Hrsg.) Illustrierte Flora von Mitteleuropa, 4 (2b), S. 13-249, Blackwell, Berlin;
Alchemilla tirolensis Buser ex Dalla Torre & Sarnth.;nectar;present;Fröhner, S. 1995: Alchemilla, Aphanes. In: Hegi, G.B. (Hrsg.) Illustrierte Flora von Mitteleuropa, 4 (2b), S. 13-249, Blackwell, Berlin;
Alchemilla undulata Buser;nectar;present;Fröhner, S. 1995: Alchemilla, Aphanes. In: Hegi, G.B. (Hrsg.) Illustrierte Flora von Mitteleuropa, 4 (2b), S. 13-249, Blackwell, Berlin;
Alchemilla versipila Buser;nectar;present;Fröhner, S. 1995: Alchemilla, Aphanes. In: Hegi, G.B. (Hrsg.) Illustrierte Flora von Mitteleuropa, 4 (2b), S. 13-249, Blackwell, Berlin;
Alchemilla vulgaris L.;nectar;present;Fröhner, S. 1995: Alchemilla, Aphanes. In: Hegi, G.B. (Hrsg.) Illustrierte Flora von Mitteleuropa, 4 (2b), S. 13-249, Blackwell, Berlin;
Alchemilla xanthochlora Rothm.;nectar;present;Fröhner, S. 1995: Alchemilla, Aphanes. In: Hegi, G.B. (Hrsg.) Illustrierte Flora von Mitteleuropa, 4 (2b), S. 13-249, Blackwell, Berlin;
Allium carinatum L. s. str.;nectar;present;Knuth, P. 1898: Handbuch der Blütenbiologie. Leipzig;
Androsace chamaejasme Wulfen;nectar;present;Knuth, P. 1898: Handbuch der Blütenbiologie. Leipzig;
Anemone narcissiflora L.;nectar;none;Knuth, P. 1898: Handbuch der Blütenbiologie. Leipzig;
;pollen;plenty;Knuth, P. 1898: Handbuch der Blütenbiologie. Leipzig;
Anemone nemorosa L.;nectar;none;Knuth, P. 1898: Handbuch der Blütenbiologie. Leipzig;
;pollen;plenty;Knuth, P. 1898: Handbuch der Blütenbiologie. Leipzig;
Antennaria dioica (L.) Gaertn.;nectar;present;Knuth, P. 1898: Handbuch der Blütenbiologie. Leipzig;
Anthericum ramosum L.;nectar;present;Knuth, P. 1898: Handbuch der Blütenbiologie. Leipzig;
Anthriscus nitida (Wahlenb.) Hazsl.;nectar;present;Knuth, P. 1898: Handbuch der Blütenbiologie. Leipzig;
Anthriscus sylvestris (L.) Hoffm.;nectar;present;Knuth, P. 1898: Handbuch der Blütenbiologie. Leipzig;
Anthyllis vulneraria L. s. l.;nectar;present;Knuth, P. 1898: Handbuch der Blütenbiologie. Leipzig;
Aquilegia atrata W. D. J. Koch;nectar;present;Knuth, P. 1898: Handbuch der Blütenbiologie. Leipzig;
Arabis alpina L. s. str.;nectar;plenty;Knuth, P. 1898: Handbuch der Blütenbiologie. Leipzig;
Arabis bellidifolia Crantz s. l.;nectar;present;Knuth, P. 1898: Handbuch der Blütenbiologie. Leipzig;
Arabis caerulea All.;nectar;little;Knuth, P. 1898: Handbuch der Blütenbiologie. Leipzig;
Arabis caucasica Willd.;nectar;present;Knuth, P. 1898: Handbuch der Blütenbiologie. Leipzig;
Arabis hirsuta (L.) Scop.;nectar;present;Knuth, P. 1898: Handbuch der Blütenbiologie. Leipzig;
Arabis sagittata (Bertol.) DC.;nectar;present;Knuth, P. 1898: Handbuch der Blütenbiologie. Leipzig;
Arenaria ciliata L. s. l.;nectar;present;Knuth, P. 1898: Handbuch der Blütenbiologie. Leipzig;
Aster bellidiastrum (L.) Scop.;nectar;present;Knuth, P. 1898: Handbuch der Blütenbiologie. Leipzig;
Bartsia alpina L.;nectar;present;Knuth, P. 1898: Handbuch der Blütenbiologie. Leipzig;
Bellis perennis L.;nectar;present;Knuth, P. 1898: Handbuch der Blütenbiologie. Leipzig;
Berberis vulgaris L.;nectar;present;Knuth, P. 1898: Handbuch der Blütenbiologie. Leipzig;
Betonica alopecuros L.;nectar;present;Knuth, P. 1898: Handbuch der Blütenbiologie. Leipzig;
Betonica officinalis L.;nectar;present;Knuth, P. 1898: Handbuch der Blütenbiologie. Leipzig;
Biscutella laevigata L.;nectar;present;Knuth, P. 1898: Handbuch der Blütenbiologie. Leipzig;
Calluna vulgaris (L.) Hull;nectar;present;Knuth, P. 1898: Handbuch der Blütenbiologie. Leipzig;
Caltha palustris L.;nectar;present;Knuth, P. 1898: Handbuch der Blütenbiologie. Leipzig;
Cardamine pratensis L. (s. l.);nectar;present;Knuth, P. 1898: Handbuch der Blütenbiologie. Leipzig;
Carduus defloratus L.;nectar;present;Knuth, P. 1898: Handbuch der Blütenbiologie. Leipzig;
Carex alba Scop.;nectar;none;Knuth, P. 1898: Handbuch der Blütenbiologie. Leipzig;
Carex atrata L. s. l.;nectar;none;Knuth, P. 1898: Handbuch der Blütenbiologie. Leipzig;
Carex caryophyllea Latourr.;nectar;none;Knuth, P. 1898: Handbuch der Blütenbiologie. Leipzig;
Carex digitata L.;nectar;none;Knuth, P. 1898: Handbuch der Blütenbiologie. Leipzig;
Carex ericetorum Pollich;nectar;none;Knuth, P. 1898: Handbuch der Blütenbiologie. Leipzig;
Carex ferruginea Scop.;nectar;none;Knuth, P. 1898: Handbuch der Blütenbiologie. Leipzig;
Carex firma (Mygind) Host;nectar;none;Knuth, P. 1898: Handbuch der Blütenbiologie. Leipzig;
Carex flacca Schreb.;nectar;none;Knuth, P. 1898: Handbuch der Blütenbiologie. Leipzig;
Carex nigra (L.) Reichard;nectar;none;Knuth, P. 1898: Handbuch der Blütenbiologie. Leipzig;
Carex ovalis Good.;nectar;none;Knuth, P. 1898: Handbuch der Blütenbiologie. Leipzig;
Carex pallescens L.;nectar;none;Knuth, P. 1898: Handbuch der Blütenbiologie. Leipzig;
Carex panicea L.;nectar;none;Knuth, P. 1898: Handbuch der Blütenbiologie. Leipzig;
Carex parviflora Host;nectar;none;Knuth, P. 1898: Handbuch der Blütenbiologie. Leipzig;
Carex sempervirens Vill.;nectar;none;Knuth, P. 1898: Handbuch der Blütenbiologie. Leipzig;
Carex vaginata Tausch;nectar;none;Knuth, P. 1898: Handbuch der Blütenbiologie. Leipzig;
Carlina acaulis L.;nectar;present;Knuth, P. 1898: Handbuch der Blütenbiologie. Leipzig;
Carlina vulgaris L. s. str.;nectar;present;Knuth, P. 1898: Handbuch der Blütenbiologie. Leipzig;
Carum carvi L.;nectar;present;Knuth, P. 1898: Handbuch der Blütenbiologie. Leipzig;
Centaurea jacea L. s. l.;nectar;present;Knuth, P. 1898: Handbuch der Blütenbiologie. Leipzig;
Centaurea microptilon (Godr.) Gren. & Godr.;nectar;present;Knuth, P. 1898: Handbuch der Blütenbiologie. Leipzig;
Centaurea scabiosa L. s. l.;nectar;present;Knuth, P. 1898: Handbuch der Blütenbiologie. Leipzig;
Cephalanthera longifolia (L.) Fritsch;nectar;present;Knuth, P. 1898: Handbuch der Blütenbiologie. Leipzig;
;nectar;none;Ziegenspeck, H. 1936: Orchidaceae. von Kirchner, O., Loew, E., Schröter, C., and Wangerin, W. (Hrsg.), Lebensgeschichte der Blütenpflanzen Mitteleuropas Vol. 1, 4.;
;deceit;present;Daumann, E. 1968: Tier-, Wind- und Wasserblütigkeit in der tschechoslowakischen Flora. I. Monocotyledonen.. Österreichische Botanische Zeitschrift 115:427-433;
Cerastium holosteoides Fr.;nectar;present;Knuth, P. 1898: Handbuch der Blütenbiologie. Leipzig;
Cerastium latifolium L.;nectar;present;Knuth, P. 1898: Handbuch der Blütenbiologie. Leipzig;
Chaerophyllum hirsutum L. s. l.;nectar;present;Knuth, P. 1898: Handbuch der Blütenbiologie. Leipzig;
Chrysosplenium alternifolium L.;nectar;present;Knuth, P. 1898: Handbuch der Blütenbiologie. Leipzig;
;nectar;present;Kaplan, K. 1995: Saxifragaceae. In: Hegi, G.B. (Hrsg.) Illustrierte Flora von Mitteleuropa, 4 (2a), S. 130-229, Blackwell, Berlin;
Cirsium arvense (L.) Scop.;nectar;plenty;Knuth, P. 1898: Handbuch der Blütenbiologie. Leipzig;
Cirsium oleraceum (L.) Scop.;nectar;present;Knuth, P. 1898: Handbuch der Blütenbiologie. Leipzig;
Cirsium palustre (L.) Scop.;nectar;present;Knuth, P. 1898: Handbuch der Blütenbiologie. Leipzig;
Cirsium spinosissimum (L.) Scop.;nectar;present;Knuth, P. 1898: Handbuch der Blütenbiologie. Leipzig;
Cirsium vulgare (Savi) Ten.;nectar;present;Knuth, P. 1898: Handbuch der Blütenbiologie. Leipzig;
Clinopodium vulgare L.;nectar;present;Knuth, P. 1898: Handbuch der Blütenbiologie. Leipzig;
Coeloglossum viride (L.) Hartm.;nectar;present;Proctor, M.C.F., Yeo, P., Lack, A. 1996: The natural history of pollination. HarperCollins Publishers, London;
Convallaria majalis L.;nectar;none;Ascherson, P., Bernátsky, J., Bernner, W., Buxbaum, F., Graebner, P., Höck, F., Kirchner, O., Loew, E., Ludwig, F. 1934: Araceae, Lemnaceae, Juncaceae, Liliaceae, Dioscoreaceae, Amaryllidaceae, Iridaceae. von Kirchner, O., Loew, E., Schröter, C., and Wangerin, W. (Hrsg.), Lebensgeschichte der Blütenpflanzen Mitteleuropas Vol. 1, 3.;
;nectar;present;Knuth, P. 1898: Handbuch der Blütenbiologie. Leipzig;
;pollen;plenty;Knuth, P. 1898: Handbuch der Blütenbiologie. Leipzig;
Crepis biennis L.;nectar;present;Knuth, P. 1898: Handbuch der Blütenbiologie. Leipzig;
Crepis paludosa (L.) Moench;nectar;present;Knuth, P. 1898: Handbuch der Blütenbiologie. Leipzig;
Crocus albiflorus Kit.;nectar;present;Knuth, P. 1898: Handbuch der Blütenbiologie. Leipzig;
Crocus vernus (L.) Hill s. str.;nectar;present;Knuth, P. 1898: Handbuch der Blütenbiologie. Leipzig;
Cuscuta trifolii Bab. & Gibson;nectar;present;Knuth, P. 1898: Handbuch der Blütenbiologie. Leipzig;
Dactylorhiza cruenta (O. F. Müller) Soó;nectar;present;Knuth, P. 1898: Handbuch der Blütenbiologie. Leipzig;
Dactylorhiza curvifolia (Nyl.) Czerep.;nectar;present;Knuth, P. 1898: Handbuch der Blütenbiologie. Leipzig;
Dactylorhiza fuchsii (Druce) Soó;nectar;present;Knuth, P. 1898: Handbuch der Blütenbiologie. Leipzig;
;nectar;none;Knuth, P. 1898: Handbuch der Blütenbiologie. Leipzig;
;deceit;present;Daumann, E. 1971: Zum Problem der Täuschblumen. Preslia (Praha) 43:304-317;
Dactylorhiza incarnata (L.) Soó;nectar;present;Knuth, P. 1898: Handbuch der Blütenbiologie. Leipzig;
;nectar;none;Ziegenspeck, H. 1936: Orchidaceae. von Kirchner, O., Loew, E., Schröter, C., and Wangerin, W. (Hrsg.), Lebensgeschichte der Blütenpflanzen Mitteleuropas Vol. 1, 4.;
;deceit;present;Daumann, E. 1971: Zum Problem der Täuschblumen. Preslia (Praha) 43:304-317;
Dactylorhiza lapponica (Hartm.) Soó;nectar;none;Knuth, P. 1898: Handbuch der Blütenbiologie. Leipzig;
;nectar;present;Knuth, P. 1898: Handbuch der Blütenbiologie. Leipzig;
;deceit;present;Daumann, E. 1971: Zum Problem der Täuschblumen. Preslia (Praha) 43:304-317;
Dactylorhiza maculata (L.) Soó s. str.;nectar;present;Knuth, P. 1898: Handbuch der Blütenbiologie. Leipzig;
;nectar;none;Ziegenspeck, H. 1936: Orchidaceae. von Kirchner, O., Loew, E., Schröter, C., and Wangerin, W. (Hrsg.), Lebensgeschichte der Blütenpflanzen Mitteleuropas Vol. 1, 4.;
;nectar;none;Daumann, E. 1971: Zum Problem der Täuschblumen. Preslia (Praha) 43:304-317;
;deceit;present;Daumann, E. 1971: Zum Problem der Täuschblumen. Preslia (Praha) 43:304-317;
Dactylorhiza majalis (Rchb.) Hunt & Summerh. s. str.;nectar;present;Knuth, P. 1898: Handbuch der Blütenbiologie. Leipzig;
;nectar;none;Ziegenspeck, H. 1936: Orchidaceae. von Kirchner, O., Loew, E., Schröter, C., and Wangerin, W. (Hrsg.), Lebensgeschichte der Blütenpflanzen Mitteleuropas Vol. 1, 4.;
;deceit;present;Daumann, E. 1971: Zum Problem der Täuschblumen. Preslia (Praha) 43:304-317;
Dactylorhiza praetermissa (Druce) Soó;nectar;none;Ferdy, J.B., Loriot, S., Sandmeier, M., LeFranc, M., Raquin, C. 2001: Inbreeding depression in a rare deceptive orchid. Canadian Journal of Botany 79:1181-1188;
;deceit;present;Daumann, E. 1971: Zum Problem der Täuschblumen. Preslia (Praha) 43:304-317;
Dactylorhiza ruthei (M. Schulze & Ruthe) Soó;nectar;present;Knuth, P. 1898: Handbuch der Blütenbiologie. Leipzig;
Dactylorhiza sphagnicola (Höppner) Soó;nectar;present;Knuth, P. 1898: Handbuch der Blütenbiologie. Leipzig;
Dactylorhiza traunsteineri (Saut.) Soó s. str.;nectar;present;Knuth, P. 1898: Handbuch der Blütenbiologie. Leipzig;
Daphne mezereum L.;nectar;present;Knuth, P. 1898: Handbuch der Blütenbiologie. Leipzig;
Daucus carota L.;nectar;present;Knuth, P. 1898: Handbuch der Blütenbiologie. Leipzig;
Dentaria enneaphyllos L.;nectar;little;Knuth, P. 1898: Handbuch der Blütenbiologie. Leipzig;
Draba aizoides L.;nectar;plenty;Kay, Q.O.N., Harrison, J. 1970: Biological Flora of the British Isles: Draba aizoides L.. Journal of Ecology 58:877-888;
;nectar;present;Knuth, P. 1898: Handbuch der Blütenbiologie. Leipzig;
Dryas octopetala L.;nectar;present;Knuth, P. 1898: Handbuch der Blütenbiologie. Leipzig;
;nectar;present;Weber, H.E. 1995: Rosoideae. In: Hegi, G.B. (Hrsg.) Illustrierte Flora von Mitteleuropa, 4 (2A), S. 269-659, Blackwell Wissenschafts-Verlag, Berlin;
Epilobium alsinifolium Vill.;nectar;present;Knuth, P. 1898: Handbuch der Blütenbiologie. Leipzig;
Epilobium angustifolium L.;nectar;plenty;Myerscough, P.J. 1980: Biological Flora of the British Isles: Epilobium angustifolium L. (Chamaenerion angustifolium (L.) Scop.). Journal of Ecology 68:1047-1074;
;pollen;plenty;Myerscough, P.J. 1980: Biological Flora of the British Isles: Epilobium angustifolium L. (Chamaenerion angustifolium (L.) Scop.). Journal of Ecology 68:1047-1074;
Epilobium montanum L.;nectar;present;Knuth, P. 1898: Handbuch der Blütenbiologie. Leipzig;
Erica carnea L.;nectar;present;Knuth, P. 1898: Handbuch der Blütenbiologie. Leipzig;
Erigeron uniflorus L.;nectar;present;Knuth, P. 1898: Handbuch der Blütenbiologie. Leipzig;
Eupatorium cannabinum L.;nectar;present;Knuth, P. 1898: Handbuch der Blütenbiologie. Leipzig;
Euphorbia amygdaloides L.;nectar;present;Knuth, P. 1898: Handbuch der Blütenbiologie. Leipzig;
Euphorbia cyparissias L.;nectar;present;Knuth, P. 1898: Handbuch der Blütenbiologie. Leipzig;
;pollen;plenty;Knuth, P. 1898: Handbuch der Blütenbiologie. Leipzig;
Euphrasia frigida Pugsley;nectar;present;Knuth, P. 1898: Handbuch der Blütenbiologie. Leipzig;
Euphrasia minima Jacq. ex DC.;nectar;present;Knuth, P. 1898: Handbuch der Blütenbiologie. Leipzig;
Euphrasia officinalis L. s. l.;nectar;present;Knuth, P. 1898: Handbuch der Blütenbiologie. Leipzig;
Fragaria moschata (Duchesne) Weston;nectar;present;Knuth, P. 1898: Handbuch der Blütenbiologie. Leipzig;
Fragaria vesca L.;nectar;present;Knuth, P. 1898: Handbuch der Blütenbiologie. Leipzig;
Fragaria viridis (Duchesne) Weston;nectar;present;Knuth, P. 1898: Handbuch der Blütenbiologie. Leipzig;
Galeobdolon argentatum Smejkal;nectar;present;Knuth, P. 1898: Handbuch der Blütenbiologie. Leipzig;
Galeobdolon flavidum (F. Herm.) Holub;nectar;present;Knuth, P. 1898: Handbuch der Blütenbiologie. Leipzig;
Galeobdolon luteum Huds.;nectar;present;Knuth, P. 1898: Handbuch der Blütenbiologie. Leipzig;
Galeobdolon montanum (Pers.) Pers. ex Rchb.;nectar;present;Knuth, P. 1898: Handbuch der Blütenbiologie. Leipzig;
Galeopsis speciosa Mill.;nectar;present;Knuth, P. 1898: Handbuch der Blütenbiologie. Leipzig;
Galeopsis tetrahit L.;nectar;present;Knuth, P. 1898: Handbuch der Blütenbiologie. Leipzig;
Gentiana asclepiadea L.;nectar;present;Knuth, P. 1898: Handbuch der Blütenbiologie. Leipzig;
Gentiana bavarica L.;nectar;present;Knuth, P. 1898: Handbuch der Blütenbiologie. Leipzig;
Gentiana clusii Perrier & Songeon;nectar;present;Knuth, P. 1898: Handbuch der Blütenbiologie. Leipzig;
Gentiana cruciata L.;nectar;present;Knuth, P. 1898: Handbuch der Blütenbiologie. Leipzig;
Gentiana nivalis L.;nectar;present;Knuth, P. 1898: Handbuch der Blütenbiologie. Leipzig;
Gentiana pannonica Scop.;nectar;present;Knuth, P. 1898: Handbuch der Blütenbiologie. Leipzig;
Gentiana utriculosa L.;nectar;present;Knuth, P. 1898: Handbuch der Blütenbiologie. Leipzig;
Gentiana verna L.;nectar;present;Knuth, P. 1898: Handbuch der Blütenbiologie. Leipzig;
Gentianella aspera (Hegetschw.) Dostal ex Skalicky, Chrtek & Gill;nectar;present;Knuth, P. 1898: Handbuch der Blütenbiologie. Leipzig;
Gentianella ciliata (L.) Borkh.;nectar;present;Knuth, P. 1898: Handbuch der Blütenbiologie. Leipzig;
Geranium sylvaticum L.;nectar;present;Knuth, P. 1898: Handbuch der Blütenbiologie. Leipzig;
Geum rivale L.;nectar;plenty;Weber, H.E. 1995: Rosoideae. In: Hegi, G.B. (Hrsg.) Illustrierte Flora von Mitteleuropa, 4 (2A), S. 269-659, Blackwell Wissenschafts-Verlag, Berlin;
;nectar;plenty;Knuth, P. 1898: Handbuch der Blütenbiologie. Leipzig;
Geum urbanum L.;nectar;present;Knuth, P. 1898: Handbuch der Blütenbiologie. Leipzig;
;nectar;present;Weber, H.E. 1995: Rosoideae. In: Hegi, G.B. (Hrsg.) Illustrierte Flora von Mitteleuropa, 4 (2A), S. 269-659, Blackwell Wissenschafts-Verlag, Berlin;
Glechoma hederacea L.;nectar;present;Knuth, P. 1898: Handbuch der Blütenbiologie. Leipzig;
Globularia cordifolia L.;nectar;present;Knuth, P. 1898: Handbuch der Blütenbiologie. Leipzig;
Globularia nudicaulis L.;nectar;present;Knuth, P. 1898: Handbuch der Blütenbiologie. Leipzig;
Gymnadenia conopsea (L.) R. Br.;nectar;plenty;Knuth, P. 1898: Handbuch der Blütenbiologie. Leipzig;
Gymnadenia odoratissima (L.) Rich.;nectar;plenty;Knuth, P. 1898: Handbuch der Blütenbiologie. Leipzig;
Gypsophila repens L.;nectar;present;Knuth, P. 1898: Handbuch der Blütenbiologie. Leipzig;
Hedysarum hedysaroides (L.) Schinz & Thell.;nectar;present;Knuth, P. 1898: Handbuch der Blütenbiologie. Leipzig;
Helianthemum alpestre (Jacq.) DC.;nectar;none;Knuth, P. 1898: Handbuch der Blütenbiologie. Leipzig;
;pollen;plenty;Knuth, P. 1898: Handbuch der Blütenbiologie. Leipzig;
Helianthemum nummularium (L.) Mill. s. l.;nectar;none;Knuth, P. 1898: Handbuch der Blütenbiologie. Leipzig;
;pollen;plenty;Knuth, P. 1898: Handbuch der Blütenbiologie. Leipzig;
Helleborus niger L.;nectar;present;Knuth, P. 1898: Handbuch der Blütenbiologie. Leipzig;
Hepatica nobilis Schreb.;nectar;none;Knuth, P. 1898: Handbuch der Blütenbiologie. Leipzig;
;pollen;plenty;Knuth, P. 1898: Handbuch der Blütenbiologie. Leipzig;
Heracleum sphondylium L.;nectar;present;Knuth, P. 1898: Handbuch der Blütenbiologie. Leipzig;
Hippocrepis comosa L.;nectar;present;Knuth, P. 1898: Handbuch der Blütenbiologie. Leipzig;
Homogyne alpina (L.) Cass.;nectar;present;Knuth, P. 1898: Handbuch der Blütenbiologie. Leipzig;
Hypericum maculatum Crantz s. l.;nectar;none;Knuth, P. 1898: Handbuch der Blütenbiologie. Leipzig;
;pollen;plenty;Knuth, P. 1898: Handbuch der Blütenbiologie. Leipzig;
Hypericum perforatum L.;nectar;none;Knuth, P. 1898: Handbuch der Blütenbiologie. Leipzig;
;pollen;plenty;Knuth, P. 1898: Handbuch der Blütenbiologie. Leipzig;
Hypericum x desetangsii Lamotte s. l. (Hypericum maculatum x H. perforatum);nectar;none;Knuth, P. 1898: Handbuch der Blütenbiologie. Leipzig;
;pollen;plenty;Knuth, P. 1898: Handbuch der Blütenbiologie. Leipzig;
Impatiens noli-tangere L.;nectar;present;Knuth, P. 1898: Handbuch der Blütenbiologie. Leipzig;
Juncus trifidus L. s. l.;nectar;none;Knuth, P. 1898: Handbuch der Blütenbiologie. Leipzig;
Knautia arvensis (L.) Coult. s. str.;nectar;present;Knuth, P. 1898: Handbuch der Blütenbiologie. Leipzig;
Knautia dipsacifolia Kreutzer;nectar;present;Knuth, P. 1898: Handbuch der Blütenbiologie. Leipzig;
Lamium maculatum L.;nectar;present;Knuth, P. 1898: Handbuch der Blütenbiologie. Leipzig;
Lathyrus pratensis L.;nectar;present;Knuth, P. 1898: Handbuch der Blütenbiologie. Leipzig;
Leontodon hispidus L.;nectar;present;Knuth, P. 1898: Handbuch der Blütenbiologie. Leipzig;
Leucanthemum adustum (W. D. J. Koch) Gremli;nectar;present;Knuth, P. 1898: Handbuch der Blütenbiologie. Leipzig;
Leucanthemum ircutianum DC.;nectar;present;Knuth, P. 1898: Handbuch der Blütenbiologie. Leipzig;
Leucanthemum vulgare Lam. s. str.;nectar;present;Knuth, P. 1898: Handbuch der Blütenbiologie. Leipzig;
Ligusticum mutellina (L.) Crantz;nectar;present;Knuth, P. 1898: Handbuch der Blütenbiologie. Leipzig;
Lilium martagon L.;nectar;present;Knuth, P. 1898: Handbuch der Blütenbiologie. Leipzig;
Linaria alpina (L.) Mill.;nectar;plenty;Knuth, P. 1898: Handbuch der Blütenbiologie. Leipzig;
Linaria vulgaris Mill.;nectar;present;Saner, M.A., Clements, D.R., Hall, M.R., Doohan, D.J., Crompton, C.W. 1995: The biology of Canadian weeds. 104. Linaria vulgaris Mill.. Canadian Journal of Plant Science 75:525-537;
Linum catharticum L.;nectar;present;Knuth, P. 1898: Handbuch der Blütenbiologie. Leipzig;
Listera ovata (L.) R. Br.;nectar;present;Knuth, P. 1898: Handbuch der Blütenbiologie. Leipzig;
;nectar;present;Ziegenspeck, H. 1936: Orchidaceae. von Kirchner, O., Loew, E., Schröter, C., and Wangerin, W. (Hrsg.), Lebensgeschichte der Blütenpflanzen Mitteleuropas Vol. 1, 4.;
Lotus alpinus (DC.) Schleich. ex Ramond;nectar;present;Knuth, P. 1898: Handbuch der Blütenbiologie. Leipzig;
Lotus corniculatus L.;nectar;present;Knuth, P. 1898: Handbuch der Blütenbiologie. Leipzig;
Lotus tenuis Waldst. & Kit. ex Willd.;nectar;present;Knuth, P. 1898: Handbuch der Blütenbiologie. Leipzig;
Luzula alpina Hoppe;nectar;none;Knuth, P. 1898: Handbuch der Blütenbiologie. Leipzig;
Luzula congesta (Thuill.) Lej.;nectar;none;Knuth, P. 1898: Handbuch der Blütenbiologie. Leipzig;
Luzula divulgata Kirschner;nectar;none;Knuth, P. 1898: Handbuch der Blütenbiologie. Leipzig;
Luzula glabrata (Hoppe) Desv.;nectar;none;Knuth, P. 1898: Handbuch der Blütenbiologie. Leipzig;
Luzula luzulina (Vill.) Dalla Torre & Sarnth.;nectar;none;Knuth, P. 1898: Handbuch der Blütenbiologie. Leipzig;
Luzula multiflora (Ehrh.) Lej. s. str.;nectar;none;Knuth, P. 1898: Handbuch der Blütenbiologie. Leipzig;
Luzula pilosa (L.) Willd.;nectar;none;Knuth, P. 1898: Handbuch der Blütenbiologie. Leipzig;
Luzula sudetica (Willd.) Schult.;nectar;none;Knuth, P. 1898: Handbuch der Blütenbiologie. Leipzig;
Luzula sylvatica (Huds.) Gaudin s. l.;nectar;none;Knuth, P. 1898: Handbuch der Blütenbiologie. Leipzig;
Lychnis flos-cuculi L.;nectar;present;Knuth, P. 1898: Handbuch der Blütenbiologie. Leipzig;
Lysimachia nemorum L.;nectar;none;Knuth, P. 1898: Handbuch der Blütenbiologie. Leipzig;
;pollen;plenty;Knuth, P. 1898: Handbuch der Blütenbiologie. Leipzig;
Lysimachia nummularia L.;nectar;none;Knuth, P. 1898: Handbuch der Blütenbiologie. Leipzig;
;pollen;plenty;Knuth, P. 1898: Handbuch der Blütenbiologie. Leipzig;
;oil;present;Vogel, S. 1986: Ölblumen und ölsammelnde Bienen, zweite Folge, Lysimachia und Macropis. Tropische und subtropische Pflanzenwelt 54:1-168;
Maianthemum bifolium (L.) F. W. Schmidt;nectar;present;Knuth, P. 1898: Handbuch der Blütenbiologie. Leipzig;
Malaxis monophyllos (L.) Sw.;nectar;none;Ziegenspeck, H. 1936: Orchidaceae. von Kirchner, O., Loew, E., Schröter, C., and Wangerin, W. (Hrsg.), Lebensgeschichte der Blütenpflanzen Mitteleuropas Vol. 1, 4.;
Medicago lupulina L.;nectar;present;Knuth, P. 1898: Handbuch der Blütenbiologie. Leipzig;
Melampyrum sylvaticum L.;nectar;little;Knuth, P. 1898: Handbuch der Blütenbiologie. Leipzig;
Mentha arvensis L.;nectar;plenty;Knuth, P. 1898: Handbuch der Blütenbiologie. Leipzig;
Mentha longifolia (L.) L.;nectar;present;Knuth, P. 1898: Handbuch der Blütenbiologie. Leipzig;
Mercurialis ovata Sternb. & Hoppe;nectar;none;Knuth, P. 1898: Handbuch der Blütenbiologie. Leipzig;
Mercurialis perennis L.;nectar;present;Daumann, E. 1972: Zur Blütenmorphologie und Bestäubungsökologie von Mercurialis L.. Preslia (Praha) 44:308-315;
;nectar;none;Knuth, P. 1898: Handbuch der Blütenbiologie. Leipzig;
Minuartia sedoides (L.) Hiern;nectar;present;Knuth, P. 1898: Handbuch der Blütenbiologie. Leipzig;
Minuartia verna (L.) Hiern s. l.;nectar;present;Knuth, P. 1898: Handbuch der Blütenbiologie. Leipzig;
Moehringia muscosa L.;nectar;present;Knuth, P. 1898: Handbuch der Blütenbiologie. Leipzig;
Myosotis alpestris F. W. Schmidt;nectar;present;Knuth, P. 1898: Handbuch der Blütenbiologie. Leipzig;
Myosotis decumbens Host;nectar;present;Knuth, P. 1898: Handbuch der Blütenbiologie. Leipzig;
Myosotis nemorosa Besser;nectar;present;Knuth, P. 1898: Handbuch der Blütenbiologie. Leipzig;
Myosotis sylvatica Ehrh. ex Hoffm.;nectar;present;Knuth, P. 1898: Handbuch der Blütenbiologie. Leipzig;
Ophrys holoserica (Burm. f.) Greuter;deceit;present;Daumann, E. 1971: Zum Problem der Täuschblumen. Preslia (Praha) 43:304-317;
Ophrys insectifera L.;nectar;little;Knuth, P. 1898: Handbuch der Blütenbiologie. Leipzig;
;nectar;none;Knuth, P. 1898: Handbuch der Blütenbiologie. Leipzig;
;deceit;present;Daumann, E. 1971: Zum Problem der Täuschblumen. Preslia (Praha) 43:304-317;
Orchis ustulata L.;nectar;present;Knuth, P. 1898: Handbuch der Blütenbiologie. Leipzig;
;nectar;none;Ziegenspeck, H. 1936: Orchidaceae. von Kirchner, O., Loew, E., Schröter, C., and Wangerin, W. (Hrsg.), Lebensgeschichte der Blütenpflanzen Mitteleuropas Vol. 1, 4.;
;deceit;present;Daumann, E. 1971: Zum Problem der Täuschblumen. Preslia (Praha) 43:304-317;
Origanum vulgare L.;nectar;present;Knuth, P. 1898: Handbuch der Blütenbiologie. Leipzig;
Oxalis acetosella L.;nectar;present;Knuth, P. 1898: Handbuch der Blütenbiologie. Leipzig;
Paris quadrifolia L.;nectar;none;Daumann, E. 1959: Zur Blütenökologie der Einbeere Paris quadrifolia L.. Preslia (Praha) 31:277-283;
Parnassia palustris L.;nectar;none;Weber, H.E. 1995: Parnassiaceae. In: Hegi, G.B. (Hrsg.) Illustrierte Flora von Mitteleuropa, 4 (2a), S. 229-235, Blackwell, Berlin;
Pedicularis rostratocapitata Crantz;nectar;present;Knuth, P. 1898: Handbuch der Blütenbiologie. Leipzig;
Pedicularis rostratospicata Crantz;nectar;present;Knuth, P. 1898: Handbuch der Blütenbiologie. Leipzig;
Petasites albus (L.) Gaertn.;nectar;present;Knuth, P. 1898: Handbuch der Blütenbiologie. Leipzig;
Peucedanum ostruthium (L.) Koch;nectar;present;Knuth, P. 1898: Handbuch der Blütenbiologie. Leipzig;
Phyteuma nigrum F. W. Schmidt;nectar;present;Kwak, M.M., Brand, C., Kremer, P., Boerrigter, E. 1991: Visitation, flight distances and seed set in populations of the rare species Phyteuma nigrum (Campanulaceae). Acta Horticulturae 288:;
Pimpinella major (L.) Huds.;nectar;present;Knuth, P. 1898: Handbuch der Blütenbiologie. Leipzig;
Pinguicula alpina L.;nectar;none;Daumann, E. 1971: Zum Problem der Täuschblumen. Preslia (Praha) 43:304-317;
;deceit;present;Daumann, E. 1971: Zum Problem der Täuschblumen. Preslia (Praha) 43:304-317;
Plantago intermedia DC.;nectar;none;Knuth, P. 1898: Handbuch der Blütenbiologie. Leipzig;
;pollen;plenty;Knuth, P. 1898: Handbuch der Blütenbiologie. Leipzig;
Plantago lanceolata L.;nectar;none;Knuth, P. 1898: Handbuch der Blütenbiologie. Leipzig;
;pollen;plenty;Knuth, P. 1898: Handbuch der Blütenbiologie. Leipzig;
Plantago major L. s. str.;nectar;none;Knuth, P. 1898: Handbuch der Blütenbiologie. Leipzig;
;pollen;plenty;Knuth, P. 1898: Handbuch der Blütenbiologie. Leipzig;
Plantago media L.;nectar;none;Knuth, P. 1898: Handbuch der Blütenbiologie. Leipzig;
;pollen;plenty;Knuth, P. 1898: Handbuch der Blütenbiologie. Leipzig;
Plantago winteri Wirtg.;nectar;none;Knuth, P. 1898: Handbuch der Blütenbiologie. Leipzig;
;pollen;plenty;Knuth, P. 1898: Handbuch der Blütenbiologie. Leipzig;
Platanthera bifolia (L.) Rich.;nectar;plenty;Knuth, P. 1898: Handbuch der Blütenbiologie. Leipzig;
Polygala alpestris Rchb.;nectar;present;Knuth, P. 1898: Handbuch der Blütenbiologie. Leipzig;
Polygala amara L.;nectar;present;Knuth, P. 1898: Handbuch der Blütenbiologie. Leipzig;
Polygala amarella Crantz;nectar;present;Knuth, P. 1898: Handbuch der Blütenbiologie. Leipzig;
Polygala chamaebuxus L.;nectar;present;Knuth, P. 1898: Handbuch der Blütenbiologie. Leipzig;
Polygonatum odoratum (Mill.) Druce;nectar;present;Knuth, P. 1898: Handbuch der Blütenbiologie. Leipzig;
Polygonatum verticillatum (L.) All.;nectar;plenty;Knuth, P. 1898: Handbuch der Blütenbiologie. Leipzig;
Potentilla erecta (L.) Raeusch.;nectar;present;Knuth, P. 1898: Handbuch der Blütenbiologie. Leipzig;
Potentilla reptans L.;nectar;present;Knuth, P. 1898: Handbuch der Blütenbiologie. Leipzig;
Prenanthes purpurea L.;nectar;present;Knuth, P. 1898: Handbuch der Blütenbiologie. Leipzig;
Primula auricula L.;nectar;present;Knuth, P. 1898: Handbuch der Blütenbiologie. Leipzig;
Primula elatior (L.) Hill;nectar;present;Knuth, P. 1898: Handbuch der Blütenbiologie. Leipzig;
Primula farinosa L.;nectar;present;Knuth, P. 1898: Handbuch der Blütenbiologie. Leipzig;
Primula minima L.;nectar;present;Knuth, P. 1898: Handbuch der Blütenbiologie. Leipzig;
Primula veris L.;nectar;present;Knuth, P. 1898: Handbuch der Blütenbiologie. Leipzig;
Primula vulgaris Huds.;nectar;present;Knuth, P. 1898: Handbuch der Blütenbiologie. Leipzig;
Pritzelago alpina (L.) Kuntze;nectar;present;Knuth, P. 1898: Handbuch der Blütenbiologie. Leipzig;
Prunella grandiflora (L.) Scholler;nectar;present;Knuth, P. 1898: Handbuch der Blütenbiologie. Leipzig;
Prunella laciniata (L.) L.;nectar;present;Knuth, P. 1898: Handbuch der Blütenbiologie. Leipzig;
Prunella vulgaris L.;nectar;present;Knuth, P. 1898: Handbuch der Blütenbiologie. Leipzig;
Pulmonaria obscura Dumort.;nectar;plenty;Knuth, P. 1898: Handbuch der Blütenbiologie. Leipzig;
Pulmonaria officinalis L.;nectar;plenty;Knuth, P. 1898: Handbuch der Blütenbiologie. Leipzig;
Pulsatilla alpina (L.) Delarbre s. str.;nectar;none;Knuth, P. 1898: Handbuch der Blütenbiologie. Leipzig;
;pollen;plenty;Knuth, P. 1898: Handbuch der Blütenbiologie. Leipzig;
Pulsatilla micrantha (DC.) Sweet;pollen;plenty;Anmerkung 2002: pers. obs.;
Pyrola rotundifolia L.;nectar;plenty;Knuth, P. 1898: Handbuch der Blütenbiologie. Leipzig;
;nectar;none;Werth, E. 1923: Über die Bestäubung von Viscum und Loranthus und die Frage der Primitivität der Windblütigkeit wie der Pollenblumen bei den Angiospermen. Berichte der Deutschen Botanischen Gesellschaft 41:151-164;
;pollen;plenty;Werth, E. 1923: Über die Bestäubung von Viscum und Loranthus und die Frage der Primitivität der Windblütigkeit wie der Pollenblumen bei den Angiospermen. Berichte der Deutschen Botanischen Gesellschaft 41:151-164;
Ranunculus aconitifolius L.;nectar;present;Knuth, P. 1898: Handbuch der Blütenbiologie. Leipzig;
;pollen;plenty;Anmerkung 2002: pers. obs.;
Ranunculus acris L.;nectar;present;Knuth, P. 1898: Handbuch der Blütenbiologie. Leipzig;
;pollen;plenty;Anmerkung 2002: pers. obs.;
Ranunculus alpestris L.;nectar;present;Knuth, P. 1898: Handbuch der Blütenbiologie. Leipzig;
;pollen;plenty;Anmerkung 2002: pers. obs.;
Ranunculus breyninus Crantz;nectar;present;Knuth, P. 1898: Handbuch der Blütenbiologie. Leipzig;
;pollen;plenty;Anmerkung 2002: pers. obs.;
Ranunculus carinthiacus Hoppe;nectar;present;Knuth, P. 1898: Handbuch der Blütenbiologie. Leipzig;
;pollen;plenty;Anmerkung 2002: pers. obs.;
Ranunculus ficaria L.;nectar;plenty;Taylor, K., Markham, B. 1978: Biological Flora of the British Isles: Ranunculus ficaria L. (Ficaria verna Huds.; Ficaria ranunculoides Moench). Journal of Ecology 66:1011-1031;
;pollen;plenty;Anmerkung 2002: pers. obs.;
Ranunculus montanus Willd.;nectar;present;Knuth, P. 1898: Handbuch der Blütenbiologie. Leipzig;
;pollen;plenty;Anmerkung 2002: pers. obs.;
Ranunculus nemorosus DC.;pollen;plenty;Anmerkung 2002: pers. obs.;
Ranunculus platanifolius L.;pollen;plenty;Anmerkung 2002: pers. obs.;
Ranunculus polyanthemoides Boreau;pollen;plenty;Anmerkung 2002: pers. obs.;
Ranunculus polyanthemophyllus W. Koch & Hess;pollen;plenty;Anmerkung 2002: pers. obs.;
Ranunculus polyanthemos L. s. str.;pollen;plenty;Anmerkung 2002: pers. obs.;
Ranunculus repens L.;nectar;present;Knuth, P. 1898: Handbuch der Blütenbiologie. Leipzig;
;pollen;plenty;Anmerkung 2002: pers. obs.;
Ranunculus serpens Schrank;pollen;plenty;Anmerkung 2002: pers. obs.;
Ranunculus villarsii DC.;nectar;present;Knuth, P. 1898: Handbuch der Blütenbiologie. Leipzig;
;pollen;plenty;Anmerkung 2002: pers. obs.;
Rhinanthus alectorolophus (Scop.) Pollich s. l.;nectar;present;Knuth, P. 1898: Handbuch der Blütenbiologie. Leipzig;
Rhinanthus glacialis Personnat;nectar;present;Knuth, P. 1898: Handbuch der Blütenbiologie. Leipzig;
Rhinanthus minor L.;nectar;present;Knuth, P. 1898: Handbuch der Blütenbiologie. Leipzig;
Rhinanthus rumelicus Velen.;nectar;present;Knuth, P. 1898: Handbuch der Blütenbiologie. Leipzig;
Rhododendron hirsutum L.;nectar;present;Knuth, P. 1898: Handbuch der Blütenbiologie. Leipzig;
Rosa canina L. s. l.;nectar;none;Knuth, P. 1898: Handbuch der Blütenbiologie. Leipzig;
;pollen;plenty;Knuth, P. 1898: Handbuch der Blütenbiologie. Leipzig;
Rosa corymbifera Borkh. s. l.;nectar;none;Knuth, P. 1898: Handbuch der Blütenbiologie. Leipzig;
;pollen;plenty;Knuth, P. 1898: Handbuch der Blütenbiologie. Leipzig;
Rosa dumalis Bechst.;nectar;none;Knuth, P. 1898: Handbuch der Blütenbiologie. Leipzig;
;pollen;plenty;Knuth, P. 1898: Handbuch der Blütenbiologie. Leipzig;
Rubus idaeus L.;nectar;plenty;Knuth, P. 1898: Handbuch der Blütenbiologie. Leipzig;
Rumex acetosa L.;nectar;none;Knuth, P. 1898: Handbuch der Blütenbiologie. Leipzig;
Rumex arifolius All.;nectar;none;Knuth, P. 1898: Handbuch der Blütenbiologie. Leipzig;
Rumex obtusifolius L.;nectar;none;Knuth, P. 1898: Handbuch der Blütenbiologie. Leipzig;
Sagina procumbens L.;nectar;present;Knuth, P. 1898: Handbuch der Blütenbiologie. Leipzig;
Sagina saginoides (L.) H. Karst.;nectar;present;Knuth, P. 1898: Handbuch der Blütenbiologie. Leipzig;
Salix retusa L.;nectar;present;Knuth, P. 1898: Handbuch der Blütenbiologie. Leipzig;
Salix serpillifolia Scop.;nectar;present;Knuth, P. 1898: Handbuch der Blütenbiologie. Leipzig;
Salvia glutinosa L.;nectar;present;Knuth, P. 1898: Handbuch der Blütenbiologie. Leipzig;
Salvia verticillata L.;nectar;present;Knuth, P. 1898: Handbuch der Blütenbiologie. Leipzig;
Sanguisorba officinalis L.;nectar;present;Dahlgren, G. 1995: Sanguisorba. In: Hegi, G.B. (Hrsg.) Illustrierte Flora von Mitteleuropa, 4 (2b), S. 1-13, Blackwell, Berlin;
;nectar;present;Knuth, P. 1898: Handbuch der Blütenbiologie. Leipzig;
Sanicula europaea L.;nectar;plenty;Knuth, P. 1898: Handbuch der Blütenbiologie. Leipzig;
Saxifraga aizoides L.;nectar;plenty;Faegri, K., van der Pijl, L. 1979: The principles of pollination ecology. 3. Aufl., Pergamon Press, Oxford;
;nectar;present;Knuth, P. 1898: Handbuch der Blütenbiologie. Leipzig;
Saxifraga androsacea L.;nectar;plenty;Kaplan, K. 1995: Saxifragaceae. In: Hegi, G.B. (Hrsg.) Illustrierte Flora von Mitteleuropa, 4 (2a), S. 130-229, Blackwell, Berlin;
Saxifraga caesia L.;nectar;present;Knuth, P. 1898: Handbuch der Blütenbiologie. Leipzig;
Saxifraga paniculata Mill.;nectar;present;Knuth, P. 1898: Handbuch der Blütenbiologie. Leipzig;
Saxifraga rotundifolia L.;nectar;present;Knuth, P. 1898: Handbuch der Blütenbiologie. Leipzig;
Saxifraga stellaris L.;nectar;present;Knuth, P. 1898: Handbuch der Blütenbiologie. Leipzig;
Scrophularia nodosa L.;nectar;present;Knuth, P. 1898: Handbuch der Blütenbiologie. Leipzig;
Sedum album L.;nectar;present;Knuth, P. 1898: Handbuch der Blütenbiologie. Leipzig;
Sedum atratum L.;nectar;present;Knuth, P. 1898: Handbuch der Blütenbiologie. Leipzig;
Senecio abrotanifolius L.;nectar;present;Knuth, P. 1898: Handbuch der Blütenbiologie. Leipzig;
Senecio germanicus Wallr.;nectar;present;Knuth, P. 1898: Handbuch der Blütenbiologie. Leipzig;
Senecio ovatus (Gaertn., B. Mey. & Scherb.) Willd.;nectar;present;Knuth, P. 1898: Handbuch der Blütenbiologie. Leipzig;
Silene acaulis (L.) Jacq. s. str.;nectar;plenty;Jones, V., Richards, P.W. 1962: Biological Flora of the British Isles: Silene acaulis (L.) Jacq.. Journal of Ecology 50:475-487;
Silene dioica (L.) Clairv.;nectar;present;Knuth, P. 1898: Handbuch der Blütenbiologie. Leipzig;
Silene nutans L.;nectar;present;Knuth, P. 1898: Handbuch der Blütenbiologie. Leipzig;
Silene vulgaris (Moench) Garcke s. l.;nectar;present;Knuth, P. 1898: Handbuch der Blütenbiologie. Leipzig;
Solanum dulcamara L.;nectar;none;Proctor, M.C.F., Yeo, P., Lack, A. 1996: The natural history of pollination. HarperCollins Publishers, London;
;pollen;plenty;Proctor, M.C.F., Yeo, P., Lack, A. 1996: The natural history of pollination. HarperCollins Publishers, London;
Soldanella alpina L.;nectar;present;Knuth, P. 1898: Handbuch der Blütenbiologie. Leipzig;
Solidago virgaurea L.;nectar;present;Knuth, P. 1898: Handbuch der Blütenbiologie. Leipzig;
Stachys sylvatica L.;nectar;present;Knuth, P. 1898: Handbuch der Blütenbiologie. Leipzig;
Stellaria graminea L.;nectar;present;Knuth, P. 1898: Handbuch der Blütenbiologie. Leipzig;
Stellaria nemorum L. s. l.;nectar;present;Knuth, P. 1898: Handbuch der Blütenbiologie. Leipzig;
Taraxacum sect. Alpina Hegetschw.;nectar;present;Knuth, P. 1898: Handbuch der Blütenbiologie. Leipzig;
Taraxacum sect. Palustria  (Lyons) Symons;nectar;present;Knuth, P. 1898: Handbuch der Blütenbiologie. Leipzig;
Taraxacum sect. Ruderalia  Wiggers;nectar;present;Knuth, P. 1898: Handbuch der Blütenbiologie. Leipzig;
Teucrium chamaedrys L.;nectar;present;Knuth, P. 1898: Handbuch der Blütenbiologie. Leipzig;
Thalictrum aquilegiifolium L.;nectar;none;Proctor, M.C.F., Yeo, P., Lack, A. 1996: The natural history of pollination. HarperCollins Publishers, London;
;nectar;none;Knuth, P. 1898: Handbuch der Blütenbiologie. Leipzig;
;pollen;plenty;Knuth, P. 1898: Handbuch der Blütenbiologie. Leipzig;
Thesium alpinum L.;nectar;present;Knuth, P. 1898: Handbuch der Blütenbiologie. Leipzig;
Thymus praecox Opiz s. l.;nectar;present;Knuth, P. 1898: Handbuch der Blütenbiologie. Leipzig;
Thymus pulegioides L. s. l.;nectar;present;Knuth, P. 1898: Handbuch der Blütenbiologie. Leipzig;
Tofieldia calyculata (L.) Wahlenb.;nectar;present;Knuth, P. 1898: Handbuch der Blütenbiologie. Leipzig;
;nectar;present;Ascherson, P., Bernátsky, J., Bernner, W., Buxbaum, F., Graebner, P., Höck, F., Kirchner, O., Loew, E., Ludwig, F. 1934: Araceae, Lemnaceae, Juncaceae, Liliaceae, Dioscoreaceae, Amaryllidaceae, Iridaceae. von Kirchner, O., Loew, E., Schröter, C., and Wangerin, W. (Hrsg.), Lebensgeschichte der Blütenpflanzen Mitteleuropas Vol. 1, 3.;
Tofieldia pusilla (Michx.) Pers.;nectar;present;Knuth, P. 1898: Handbuch der Blütenbiologie. Leipzig;
;nectar;present;Ascherson, P., Bernátsky, J., Bernner, W., Buxbaum, F., Graebner, P., Höck, F., Kirchner, O., Loew, E., Ludwig, F. 1934: Araceae, Lemnaceae, Juncaceae, Liliaceae, Dioscoreaceae, Amaryllidaceae, Iridaceae. von Kirchner, O., Loew, E., Schröter, C., and Wangerin, W. (Hrsg.), Lebensgeschichte der Blütenpflanzen Mitteleuropas Vol. 1, 3.;
Tragopogon minor Mill.;nectar;present;Knuth, P. 1898: Handbuch der Blütenbiologie. Leipzig;
Tragopogon orientalis L.;nectar;present;Knuth, P. 1898: Handbuch der Blütenbiologie. Leipzig;
Tragopogon pratensis L. s. str.;nectar;present;Knuth, P. 1898: Handbuch der Blütenbiologie. Leipzig;
Trifolium badium Schreb.;nectar;present;Knuth, P. 1898: Handbuch der Blütenbiologie. Leipzig;
Trifolium medium L.;nectar;present;Knuth, P. 1898: Handbuch der Blütenbiologie. Leipzig;
Trifolium montanum L.;nectar;present;Knuth, P. 1898: Handbuch der Blütenbiologie. Leipzig;
Trifolium pratense L.;nectar;present;Knuth, P. 1898: Handbuch der Blütenbiologie. Leipzig;
Trifolium repens L.;nectar;present;Knuth, P. 1898: Handbuch der Blütenbiologie. Leipzig;
Trollius europaeus L.;nectar;present;Knuth, P. 1898: Handbuch der Blütenbiologie. Leipzig;
Tussilago farfara L.;nectar;present;Knuth, P. 1898: Handbuch der Blütenbiologie. Leipzig;
Vaccinium myrtillus L.;nectar;plenty;Knuth, P. 1898: Handbuch der Blütenbiologie. Leipzig;
Vaccinium vitis-idaea L.;nectar;present;Knuth, P. 1898: Handbuch der Blütenbiologie. Leipzig;
Valeriana dioica L.;nectar;present;Knuth, P. 1898: Handbuch der Blütenbiologie. Leipzig;
Valeriana montana L.;nectar;present;Knuth, P. 1898: Handbuch der Blütenbiologie. Leipzig;
Valeriana officinalis L. s. str.;nectar;present;Knuth, P. 1898: Handbuch der Blütenbiologie. Leipzig;
Valeriana pratensis Dierb.;nectar;present;Knuth, P. 1898: Handbuch der Blütenbiologie. Leipzig;
Valeriana procurrens Wallr.;nectar;present;Knuth, P. 1898: Handbuch der Blütenbiologie. Leipzig;
Valeriana sambucifolia J. C. Mikan ex Pohl;nectar;present;Knuth, P. 1898: Handbuch der Blütenbiologie. Leipzig;
Valeriana saxatilis L.;nectar;present;Knuth, P. 1898: Handbuch der Blütenbiologie. Leipzig;
Valeriana tripteris L.;nectar;present;Knuth, P. 1898: Handbuch der Blütenbiologie. Leipzig;
Valeriana versifolia Brügger;nectar;present;Knuth, P. 1898: Handbuch der Blütenbiologie. Leipzig;
Veratrum album L.;nectar;present;Knuth, P. 1898: Handbuch der Blütenbiologie. Leipzig;
Verbascum thapsus L.;pollen;plenty;Knuth, P. 1898: Handbuch der Blütenbiologie. Leipzig;
Veronica alpina L.;nectar;present;Knuth, P. 1898: Handbuch der Blütenbiologie. Leipzig;
Veronica aphylla L.;nectar;present;Knuth, P. 1898: Handbuch der Blütenbiologie. Leipzig;
Veronica beccabunga L.;nectar;present;Knuth, P. 1898: Handbuch der Blütenbiologie. Leipzig;
Veronica chamaedrys L. s. l.;nectar;present;Knuth, P. 1898: Handbuch der Blütenbiologie. Leipzig;
Veronica filiformis Sm.;nectar;present;Knuth, P. 1898: Handbuch der Blütenbiologie. Leipzig;
Veronica fruticans Jacq.;nectar;present;Knuth, P. 1898: Handbuch der Blütenbiologie. Leipzig;
Veronica officinalis L.;nectar;present;Knuth, P. 1898: Handbuch der Blütenbiologie. Leipzig;
Veronica serpyllifolia L.;nectar;present;Knuth, P. 1898: Handbuch der Blütenbiologie. Leipzig;
Vicia cracca L. s. str.;nectar;present;Knuth, P. 1898: Handbuch der Blütenbiologie. Leipzig;
Vicia sepium L.;nectar;present;Knuth, P. 1898: Handbuch der Blütenbiologie. Leipzig;
Vicia tenuifolia Roth s. str.;nectar;present;Kirchner, O. 1905: Über die Wirkung der Selbstbestäubung bei den Papilionaceen. Naturwissenschaftliche Zeitschrift für Land- und Forstwirtschaft 3:97-111;
Vincetoxicum hirundinaria Medik.;nectar;little;Knuth, P. 1898: Handbuch der Blütenbiologie. Leipzig;
Viola biflora L.;nectar;present;Knuth, P. 1898: Handbuch der Blütenbiologie. Leipzig;
Viola collina Besser;nectar;present;Knuth, P. 1898: Handbuch der Blütenbiologie. Leipzig;
Viola hirta L.;nectar;present;Knuth, P. 1898: Handbuch der Blütenbiologie. Leipzig;
Viola reichenbachiana Jord. ex Boreau;nectar;present;Knuth, P. 1898: Handbuch der Blütenbiologie. Leipzig;

Results BiolFlor searchsystem;
(c) UFZ-Umweltforschungszentrum Leipzig-Halle GmbH;2020-04-15 12:24:54
