BiolFlor-Name;Flower color;;
;Basic flower colour;Reference
Achillea atrata L.;white;Schubert, R., Jäger, E.J., Werner, K. (Hrsg.) 1987: Exkursionsflora Band 3. Atlas der Gefäßpflanzen. 6. Aufl., Volk und Wissen, Berlin;
Achillea clavennae L.;white;Schubert, R., Jäger, E.J., Werner, K. (Hrsg.) 1987: Exkursionsflora Band 3. Atlas der Gefäßpflanzen. 6. Aufl., Volk und Wissen, Berlin;
Achillea collina Becker ex Rchb.;white;Haeupler, H., Muer, T. 2000: Bildatlas der Farn- und Blütenpflanzen Deutschlands. Ulmer, Stuttgart;
Achillea millefolium L.;white;Schubert, R., Jäger, E.J., Werner, K. (Hrsg.) 1987: Exkursionsflora Band 3. Atlas der Gefäßpflanzen. 6. Aufl., Volk und Wissen, Berlin;
Achillea pannonica Scheele;white;Schubert, R., Jäger, E.J., Werner, K. (Hrsg.) 1987: Exkursionsflora Band 3. Atlas der Gefäßpflanzen. 6. Aufl., Volk und Wissen, Berlin;
Achillea pratensis Saukel & R. Länger;white;Haeupler, H., Muer, T. 2000: Bildatlas der Farn- und Blütenpflanzen Deutschlands. Ulmer, Stuttgart;
Achillea roseoalba Ehrend.;pink;Haeupler, H., Muer, T. 2000: Bildatlas der Farn- und Blütenpflanzen Deutschlands. Ulmer, Stuttgart;
Achillea setacea Waldst. & Kit.;white;Schubert, R., Jäger, E.J., Werner, K. (Hrsg.) 1987: Exkursionsflora Band 3. Atlas der Gefäßpflanzen. 6. Aufl., Volk und Wissen, Berlin;
Acinos alpinus (L.) Moench;violet;Schubert, R., Jäger, E.J., Werner, K. (Hrsg.) 1987: Exkursionsflora Band 3. Atlas der Gefäßpflanzen. 6. Aufl., Volk und Wissen, Berlin;
Aconitum degenii (Arcang.) Mucher;blue;Schubert, R., Jäger, E.J., Werner, K. (Hrsg.) 1987: Exkursionsflora Band 3. Atlas der Gefäßpflanzen. 6. Aufl., Volk und Wissen, Berlin;
Aconitum lycoctonum (Rchb. ex Spreng.) Nyman;yellow;Schubert, R., Jäger, E.J., Werner, K. (Hrsg.) 1987: Exkursionsflora Band 3. Atlas der Gefäßpflanzen. 6. Aufl., Volk und Wissen, Berlin;
Aconitum napellus L.;blue;Schubert, R., Jäger, E.J., Werner, K. (Hrsg.) 1987: Exkursionsflora Band 3. Atlas der Gefäßpflanzen. 6. Aufl., Volk und Wissen, Berlin;
Aconitum plicatum Köhler ex Rchb.;blue;Haeupler, H., Muer, T. 2000: Bildatlas der Farn- und Blütenpflanzen Deutschlands. Ulmer, Stuttgart;
Aconitum tauricum Wulfen;blue;Haeupler, H., Muer, T. 2000: Bildatlas der Farn- und Blütenpflanzen Deutschlands. Ulmer, Stuttgart;
Aconitum variegatum L.;violet;Schubert, R., Jäger, E.J., Werner, K. (Hrsg.) 1987: Exkursionsflora Band 3. Atlas der Gefäßpflanzen. 6. Aufl., Volk und Wissen, Berlin;
Adenostyles alliariae (Gouan) A. Kern.;red;Schubert, R., Jäger, E.J., Werner, K. (Hrsg.) 1987: Exkursionsflora Band 3. Atlas der Gefäßpflanzen. 6. Aufl., Volk und Wissen, Berlin;
Adenostyles glabra (Mill.) DC.;red;Schubert, R., Jäger, E.J., Werner, K. (Hrsg.) 1987: Exkursionsflora Band 3. Atlas der Gefäßpflanzen. 6. Aufl., Volk und Wissen, Berlin;
Aegopodium podagraria L.;white;Schubert, R., Jäger, E.J., Werner, K. (Hrsg.) 1987: Exkursionsflora Band 3. Atlas der Gefäßpflanzen. 6. Aufl., Volk und Wissen, Berlin;
Ajuga reptans L.;blue;Schubert, R., Jäger, E.J., Werner, K. (Hrsg.) 1987: Exkursionsflora Band 3. Atlas der Gefäßpflanzen. 6. Aufl., Volk und Wissen, Berlin;
Alchemilla alpigena Buser;green;Haeupler, H., Muer, T. 2000: Bildatlas der Farn- und Blütenpflanzen Deutschlands. Ulmer, Stuttgart;
Alchemilla cleistophylla Rothm. & O. Schwarz;green;Haeupler, H., Muer, T. 2000: Bildatlas der Farn- und Blütenpflanzen Deutschlands. Ulmer, Stuttgart;
Alchemilla connivens Buser;green;Haeupler, H., Muer, T. 2000: Bildatlas der Farn- und Blütenpflanzen Deutschlands. Ulmer, Stuttgart;
Alchemilla coriacea Buser;green;Haeupler, H., Muer, T. 2000: Bildatlas der Farn- und Blütenpflanzen Deutschlands. Ulmer, Stuttgart;
Alchemilla crinita Buser;green;Haeupler, H., Muer, T. 2000: Bildatlas der Farn- und Blütenpflanzen Deutschlands. Ulmer, Stuttgart;
Alchemilla cymatophylla Juz.;green;Haeupler, H., Muer, T. 2000: Bildatlas der Farn- und Blütenpflanzen Deutschlands. Ulmer, Stuttgart;
Alchemilla decumbens Buser;green;Haeupler, H., Muer, T. 2000: Bildatlas der Farn- und Blütenpflanzen Deutschlands. Ulmer, Stuttgart;
Alchemilla effusa Buser;green;Haeupler, H., Muer, T. 2000: Bildatlas der Farn- und Blütenpflanzen Deutschlands. Ulmer, Stuttgart;
Alchemilla filicaulis Buser;green;Haeupler, H., Muer, T. 2000: Bildatlas der Farn- und Blütenpflanzen Deutschlands. Ulmer, Stuttgart;
Alchemilla fissa Günther & Schummel;green;Schubert, R., Jäger, E.J., Werner, K. (Hrsg.) 1987: Exkursionsflora Band 3. Atlas der Gefäßpflanzen. 6. Aufl., Volk und Wissen, Berlin;
Alchemilla glabra Neygenf.;green;Haeupler, H., Muer, T. 2000: Bildatlas der Farn- und Blütenpflanzen Deutschlands. Ulmer, Stuttgart;
Alchemilla glaucescens Wallr.;green;Haeupler, H., Muer, T. 2000: Bildatlas der Farn- und Blütenpflanzen Deutschlands. Ulmer, Stuttgart;
Alchemilla glomerulans Buser;green;Haeupler, H., Muer, T. 2000: Bildatlas der Farn- und Blütenpflanzen Deutschlands. Ulmer, Stuttgart;
Alchemilla hoppeana (Rchb.) Dalla Torre;green;Haeupler, H., Muer, T. 2000: Bildatlas der Farn- und Blütenpflanzen Deutschlands. Ulmer, Stuttgart;
Alchemilla impexa Buser;green;Haeupler, H., Muer, T. 2000: Bildatlas der Farn- und Blütenpflanzen Deutschlands. Ulmer, Stuttgart;
Alchemilla lineata Buser;green;Haeupler, H., Muer, T. 2000: Bildatlas der Farn- und Blütenpflanzen Deutschlands. Ulmer, Stuttgart;
Alchemilla lunaria S. E. Fröhner;green;Haeupler, H., Muer, T. 2000: Bildatlas der Farn- und Blütenpflanzen Deutschlands. Ulmer, Stuttgart;
Alchemilla micans Buser;green;Haeupler, H., Muer, T. 2000: Bildatlas der Farn- und Blütenpflanzen Deutschlands. Ulmer, Stuttgart;
Alchemilla monticola Opiz;green;Haeupler, H., Muer, T. 2000: Bildatlas der Farn- und Blütenpflanzen Deutschlands. Ulmer, Stuttgart;
Alchemilla obtusa Buser;green;Haeupler, H., Muer, T. 2000: Bildatlas der Farn- und Blütenpflanzen Deutschlands. Ulmer, Stuttgart;
Alchemilla pallens Buser;green;Haeupler, H., Muer, T. 2000: Bildatlas der Farn- und Blütenpflanzen Deutschlands. Ulmer, Stuttgart;
Alchemilla propinqua H. Lindb. ex Juz.;green;Haeupler, H., Muer, T. 2000: Bildatlas der Farn- und Blütenpflanzen Deutschlands. Ulmer, Stuttgart;
Alchemilla reniformis Buser;green;Haeupler, H., Muer, T. 2000: Bildatlas der Farn- und Blütenpflanzen Deutschlands. Ulmer, Stuttgart;
Alchemilla rubristipula Buser;green;Haeupler, H., Muer, T. 2000: Bildatlas der Farn- und Blütenpflanzen Deutschlands. Ulmer, Stuttgart;
Alchemilla straminea Buser;green;Haeupler, H., Muer, T. 2000: Bildatlas der Farn- und Blütenpflanzen Deutschlands. Ulmer, Stuttgart;
Alchemilla strigosula Buser;green;Haeupler, H., Muer, T. 2000: Bildatlas der Farn- und Blütenpflanzen Deutschlands. Ulmer, Stuttgart;
Alchemilla subcrenata Buser;green;Haeupler, H., Muer, T. 2000: Bildatlas der Farn- und Blütenpflanzen Deutschlands. Ulmer, Stuttgart;
Alchemilla subglobosa C. G. Westerl.;green;Haeupler, H., Muer, T. 2000: Bildatlas der Farn- und Blütenpflanzen Deutschlands. Ulmer, Stuttgart;
Alchemilla tenuis Buser;green;Haeupler, H., Muer, T. 2000: Bildatlas der Farn- und Blütenpflanzen Deutschlands. Ulmer, Stuttgart;
Alchemilla tirolensis Buser ex Dalla Torre & Sarnth.;green;Haeupler, H., Muer, T. 2000: Bildatlas der Farn- und Blütenpflanzen Deutschlands. Ulmer, Stuttgart;
Alchemilla undulata Buser;green;Haeupler, H., Muer, T. 2000: Bildatlas der Farn- und Blütenpflanzen Deutschlands. Ulmer, Stuttgart;
Alchemilla versipila Buser;green;Haeupler, H., Muer, T. 2000: Bildatlas der Farn- und Blütenpflanzen Deutschlands. Ulmer, Stuttgart;
Alchemilla vulgaris L.;green;Schubert, R., Jäger, E.J., Werner, K. (Hrsg.) 1987: Exkursionsflora Band 3. Atlas der Gefäßpflanzen. 6. Aufl., Volk und Wissen, Berlin;
Alchemilla xanthochlora Rothm.;green;Haeupler, H., Muer, T. 2000: Bildatlas der Farn- und Blütenpflanzen Deutschlands. Ulmer, Stuttgart;
Allium carinatum L. s. str.;purple;Schubert, R., Jäger, E.J., Werner, K. (Hrsg.) 1987: Exkursionsflora Band 3. Atlas der Gefäßpflanzen. 6. Aufl., Volk und Wissen, Berlin;
Allium cirrhosum Vand.;purple;Schubert, R., Jäger, E.J., Werner, K. (Hrsg.) 1987: Exkursionsflora Band 3. Atlas der Gefäßpflanzen. 6. Aufl., Volk und Wissen, Berlin;
Androsace chamaejasme Wulfen;white;Schubert, R., Jäger, E.J., Werner, K. (Hrsg.) 1987: Exkursionsflora Band 3. Atlas der Gefäßpflanzen. 6. Aufl., Volk und Wissen, Berlin;
Anemone narcissiflora L.;white;Schubert, R., Jäger, E.J., Werner, K. (Hrsg.) 1987: Exkursionsflora Band 3. Atlas der Gefäßpflanzen. 6. Aufl., Volk und Wissen, Berlin;
Anemone nemorosa L.;white;Schubert, R., Jäger, E.J., Werner, K. (Hrsg.) 1987: Exkursionsflora Band 3. Atlas der Gefäßpflanzen. 6. Aufl., Volk und Wissen, Berlin;
Antennaria dioica (L.) Gaertn.;white;Schubert, R., Jäger, E.J., Werner, K. (Hrsg.) 1987: Exkursionsflora Band 3. Atlas der Gefäßpflanzen. 6. Aufl., Volk und Wissen, Berlin;
Anthericum ramosum L.;white;Schubert, R., Jäger, E.J., Werner, K. (Hrsg.) 1987: Exkursionsflora Band 3. Atlas der Gefäßpflanzen. 6. Aufl., Volk und Wissen, Berlin;
Anthriscus nitida (Wahlenb.) Hazsl.;white;Schubert, R., Jäger, E.J., Werner, K. (Hrsg.) 1987: Exkursionsflora Band 3. Atlas der Gefäßpflanzen. 6. Aufl., Volk und Wissen, Berlin;
Anthriscus sylvestris (L.) Hoffm.;white;Schubert, R., Jäger, E.J., Werner, K. (Hrsg.) 1987: Exkursionsflora Band 3. Atlas der Gefäßpflanzen. 6. Aufl., Volk und Wissen, Berlin;
Anthyllis vulneraria L. s. l.;yellow;Schubert, R., Jäger, E.J., Werner, K. (Hrsg.) 1987: Exkursionsflora Band 3. Atlas der Gefäßpflanzen. 6. Aufl., Volk und Wissen, Berlin;
Aposeris foetida (L.) Less.;yellow;Schubert, R., Jäger, E.J., Werner, K. (Hrsg.) 1987: Exkursionsflora Band 3. Atlas der Gefäßpflanzen. 6. Aufl., Volk und Wissen, Berlin;
Aquilegia atrata W. D. J. Koch;brown;Schubert, R., Jäger, E.J., Werner, K. (Hrsg.) 1987: Exkursionsflora Band 3. Atlas der Gefäßpflanzen. 6. Aufl., Volk und Wissen, Berlin;
Arabis alpina L. s. str.;white;Schubert, R., Jäger, E.J., Werner, K. (Hrsg.) 1987: Exkursionsflora Band 3. Atlas der Gefäßpflanzen. 6. Aufl., Volk und Wissen, Berlin;
Arabis bellidifolia Crantz s. l.;white;Haeupler, H., Muer, T. 2000: Bildatlas der Farn- und Blütenpflanzen Deutschlands. Ulmer, Stuttgart;
Arabis caerulea All.;blue;Schubert, R., Jäger, E.J., Werner, K. (Hrsg.) 1987: Exkursionsflora Band 3. Atlas der Gefäßpflanzen. 6. Aufl., Volk und Wissen, Berlin;
Arabis caucasica Willd.;white;Schubert, R., Jäger, E.J., Werner, K. (Hrsg.) 1987: Exkursionsflora Band 3. Atlas der Gefäßpflanzen. 6. Aufl., Volk und Wissen, Berlin;
Arabis ciliata Clairv.;white;Schubert, R., Jäger, E.J., Werner, K. (Hrsg.) 1987: Exkursionsflora Band 3. Atlas der Gefäßpflanzen. 6. Aufl., Volk und Wissen, Berlin;
Arabis hirsuta (L.) Scop.;white;Schubert, R., Jäger, E.J., Werner, K. (Hrsg.) 1987: Exkursionsflora Band 3. Atlas der Gefäßpflanzen. 6. Aufl., Volk und Wissen, Berlin;
Arabis nemorensis (Wolf ex Hoffm.) W. D. J. Koch;white;Schubert, R., Jäger, E.J., Werner, K. (Hrsg.) 1987: Exkursionsflora Band 3. Atlas der Gefäßpflanzen. 6. Aufl., Volk und Wissen, Berlin;
Arabis sagittata (Bertol.) DC.;white;Schubert, R., Jäger, E.J., Werner, K. (Hrsg.) 1987: Exkursionsflora Band 3. Atlas der Gefäßpflanzen. 6. Aufl., Volk und Wissen, Berlin;
Arctostaphylos alpinus (L.) Spreng.;white;Schubert, R., Jäger, E.J., Werner, K. (Hrsg.) 1987: Exkursionsflora Band 3. Atlas der Gefäßpflanzen. 6. Aufl., Volk und Wissen, Berlin;
Arenaria ciliata L. s. l.;white;Schubert, R., Jäger, E.J., Werner, K. (Hrsg.) 1987: Exkursionsflora Band 3. Atlas der Gefäßpflanzen. 6. Aufl., Volk und Wissen, Berlin;
Aster bellidiastrum (L.) Scop.;white;Schubert, R., Jäger, E.J., Werner, K. (Hrsg.) 1987: Exkursionsflora Band 3. Atlas der Gefäßpflanzen. 6. Aufl., Volk und Wissen, Berlin;
Bartsia alpina L.;violet;Schubert, R., Jäger, E.J., Werner, K. (Hrsg.) 1987: Exkursionsflora Band 3. Atlas der Gefäßpflanzen. 6. Aufl., Volk und Wissen, Berlin;
Bellis perennis L.;white;Schubert, R., Jäger, E.J., Werner, K. (Hrsg.) 1987: Exkursionsflora Band 3. Atlas der Gefäßpflanzen. 6. Aufl., Volk und Wissen, Berlin;
Berberis vulgaris L.;yellow;Schubert, R., Jäger, E.J., Werner, K. (Hrsg.) 1987: Exkursionsflora Band 3. Atlas der Gefäßpflanzen. 6. Aufl., Volk und Wissen, Berlin;
Betonica alopecuros L.;yellow;Schubert, R., Jäger, E.J., Werner, K. (Hrsg.) 1987: Exkursionsflora Band 3. Atlas der Gefäßpflanzen. 6. Aufl., Volk und Wissen, Berlin;
Betonica officinalis L.;red;Schubert, R., Jäger, E.J., Werner, K. (Hrsg.) 1987: Exkursionsflora Band 3. Atlas der Gefäßpflanzen. 6. Aufl., Volk und Wissen, Berlin;
Biscutella laevigata L.;yellow;Schubert, R., Jäger, E.J., Werner, K. (Hrsg.) 1987: Exkursionsflora Band 3. Atlas der Gefäßpflanzen. 6. Aufl., Volk und Wissen, Berlin;
Bistorta vivipara (L.) Delarbre;white;Schubert, R., Jäger, E.J., Werner, K. (Hrsg.) 1987: Exkursionsflora Band 3. Atlas der Gefäßpflanzen. 6. Aufl., Volk und Wissen, Berlin;
Buphthalmum salicifolium L.;yellow;Schubert, R., Jäger, E.J., Werner, K. (Hrsg.) 1987: Exkursionsflora Band 3. Atlas der Gefäßpflanzen. 6. Aufl., Volk und Wissen, Berlin;
Calluna vulgaris (L.) Hull;violet;Schubert, R., Jäger, E.J., Werner, K. (Hrsg.) 1987: Exkursionsflora Band 3. Atlas der Gefäßpflanzen. 6. Aufl., Volk und Wissen, Berlin;
Caltha palustris L.;yellow;Schubert, R., Jäger, E.J., Werner, K. (Hrsg.) 1987: Exkursionsflora Band 3. Atlas der Gefäßpflanzen. 6. Aufl., Volk und Wissen, Berlin;
Campanula alpina Jacq.;violet;Schubert, R., Jäger, E.J., Werner, K. (Hrsg.) 1987: Exkursionsflora Band 3. Atlas der Gefäßpflanzen. 6. Aufl., Volk und Wissen, Berlin;
Campanula cochleariifolia Lam.;blue;Schubert, R., Jäger, E.J., Werner, K. (Hrsg.) 1987: Exkursionsflora Band 3. Atlas der Gefäßpflanzen. 6. Aufl., Volk und Wissen, Berlin;
Campanula glomerata L.;violet;Schubert, R., Jäger, E.J., Werner, K. (Hrsg.) 1987: Exkursionsflora Band 3. Atlas der Gefäßpflanzen. 6. Aufl., Volk und Wissen, Berlin;
Campanula patula L.;pink;Schubert, R., Jäger, E.J., Werner, K. (Hrsg.) 1987: Exkursionsflora Band 3. Atlas der Gefäßpflanzen. 6. Aufl., Volk und Wissen, Berlin;
Campanula scheuchzeri Vill.;violet;Schubert, R., Jäger, E.J., Werner, K. (Hrsg.) 1987: Exkursionsflora Band 3. Atlas der Gefäßpflanzen. 6. Aufl., Volk und Wissen, Berlin;
Campanula trachelium L.;violet;Schubert, R., Jäger, E.J., Werner, K. (Hrsg.) 1987: Exkursionsflora Band 3. Atlas der Gefäßpflanzen. 6. Aufl., Volk und Wissen, Berlin;
Cardamine dentata Schult.;white;Haeupler, H., Muer, T. 2000: Bildatlas der Farn- und Blütenpflanzen Deutschlands. Ulmer, Stuttgart;
Cardamine pratensis L. (s. l.);violet;Schubert, R., Jäger, E.J., Werner, K. (Hrsg.) 1987: Exkursionsflora Band 3. Atlas der Gefäßpflanzen. 6. Aufl., Volk und Wissen, Berlin;
Cardamine udicola Jord.;white;Haeupler, H., Muer, T. 2000: Bildatlas der Farn- und Blütenpflanzen Deutschlands. Ulmer, Stuttgart;
Carduus defloratus L.;purple;Schubert, R., Jäger, E.J., Werner, K. (Hrsg.) 1987: Exkursionsflora Band 3. Atlas der Gefäßpflanzen. 6. Aufl., Volk und Wissen, Berlin;
Carlina acaulis L.;white;Schubert, R., Jäger, E.J., Werner, K. (Hrsg.) 1987: Exkursionsflora Band 3. Atlas der Gefäßpflanzen. 6. Aufl., Volk und Wissen, Berlin;
Carlina biebersteinii Bernh. ex Hornem.;yellow;Haeupler, H., Muer, T. 2000: Bildatlas der Farn- und Blütenpflanzen Deutschlands. Ulmer, Stuttgart;
Carlina vulgaris L. s. str.;yellow;Schubert, R., Jäger, E.J., Werner, K. (Hrsg.) 1987: Exkursionsflora Band 3. Atlas der Gefäßpflanzen. 6. Aufl., Volk und Wissen, Berlin;
Carum carvi L.;white;Schubert, R., Jäger, E.J., Werner, K. (Hrsg.) 1987: Exkursionsflora Band 3. Atlas der Gefäßpflanzen. 6. Aufl., Volk und Wissen, Berlin;
Centaurea jacea L. s. l.;purple;Schubert, R., Jäger, E.J., Werner, K. (Hrsg.) 1987: Exkursionsflora Band 3. Atlas der Gefäßpflanzen. 6. Aufl., Volk und Wissen, Berlin;
Centaurea scabiosa L. s. l.;purple;Haeupler, H., Muer, T. 2000: Bildatlas der Farn- und Blütenpflanzen Deutschlands. Ulmer, Stuttgart;
Cephalanthera longifolia (L.) Fritsch;white;Schubert, R., Jäger, E.J., Werner, K. (Hrsg.) 1987: Exkursionsflora Band 3. Atlas der Gefäßpflanzen. 6. Aufl., Volk und Wissen, Berlin;
Cerastium fontanum Baumg. s. str.;white;Schubert, R., Jäger, E.J., Werner, K. (Hrsg.) 1987: Exkursionsflora Band 3. Atlas der Gefäßpflanzen. 6. Aufl., Volk und Wissen, Berlin;
Cerastium holosteoides Fr.;white;Schubert, R., Jäger, E.J., Werner, K. (Hrsg.) 1987: Exkursionsflora Band 3. Atlas der Gefäßpflanzen. 6. Aufl., Volk und Wissen, Berlin;
Cerastium latifolium L.;white;Schubert, R., Jäger, E.J., Werner, K. (Hrsg.) 1987: Exkursionsflora Band 3. Atlas der Gefäßpflanzen. 6. Aufl., Volk und Wissen, Berlin;
Cerastium lucorum (Schur) Möschl;white;Haeupler, H., Muer, T. 2000: Bildatlas der Farn- und Blütenpflanzen Deutschlands. Ulmer, Stuttgart;
Chaerophyllum hirsutum L. s. l.;white;Schubert, R., Jäger, E.J., Werner, K. (Hrsg.) 1987: Exkursionsflora Band 3. Atlas der Gefäßpflanzen. 6. Aufl., Volk und Wissen, Berlin;
Chrysosplenium alternifolium L.;yellow;Schubert, R., Jäger, E.J., Werner, K. (Hrsg.) 1987: Exkursionsflora Band 3. Atlas der Gefäßpflanzen. 6. Aufl., Volk und Wissen, Berlin;
Cirsium arvense (L.) Scop.;pink;Schubert, R., Jäger, E.J., Werner, K. (Hrsg.) 1987: Exkursionsflora Band 3. Atlas der Gefäßpflanzen. 6. Aufl., Volk und Wissen, Berlin;
Cirsium oleraceum (L.) Scop.;yellow;Schubert, R., Jäger, E.J., Werner, K. (Hrsg.) 1987: Exkursionsflora Band 3. Atlas der Gefäßpflanzen. 6. Aufl., Volk und Wissen, Berlin;
Cirsium palustre (L.) Scop.;purple;Schubert, R., Jäger, E.J., Werner, K. (Hrsg.) 1987: Exkursionsflora Band 3. Atlas der Gefäßpflanzen. 6. Aufl., Volk und Wissen, Berlin;
Cirsium spinosissimum (L.) Scop.;yellow;Schubert, R., Jäger, E.J., Werner, K. (Hrsg.) 1987: Exkursionsflora Band 3. Atlas der Gefäßpflanzen. 6. Aufl., Volk und Wissen, Berlin;
Cirsium vulgare (Savi) Ten.;purple;Schubert, R., Jäger, E.J., Werner, K. (Hrsg.) 1987: Exkursionsflora Band 3. Atlas der Gefäßpflanzen. 6. Aufl., Volk und Wissen, Berlin;
Clinopodium vulgare L.;purple;Schubert, R., Jäger, E.J., Werner, K. (Hrsg.) 1987: Exkursionsflora Band 3. Atlas der Gefäßpflanzen. 6. Aufl., Volk und Wissen, Berlin;
Coeloglossum viride (L.) Hartm.;brown;Schubert, R., Jäger, E.J., Werner, K. (Hrsg.) 1987: Exkursionsflora Band 3. Atlas der Gefäßpflanzen. 6. Aufl., Volk und Wissen, Berlin;
Convallaria majalis L.;white;Schubert, R., Jäger, E.J., Werner, K. (Hrsg.) 1987: Exkursionsflora Band 3. Atlas der Gefäßpflanzen. 6. Aufl., Volk und Wissen, Berlin;
Crepis alpestris (Jacq.) Tausch;yellow;Schubert, R., Jäger, E.J., Werner, K. (Hrsg.) 1987: Exkursionsflora Band 3. Atlas der Gefäßpflanzen. 6. Aufl., Volk und Wissen, Berlin;
Crepis aurea (L.) Cass.;orange;Schubert, R., Jäger, E.J., Werner, K. (Hrsg.) 1987: Exkursionsflora Band 3. Atlas der Gefäßpflanzen. 6. Aufl., Volk und Wissen, Berlin;
Crepis biennis L.;yellow;Haeupler, H., Muer, T. 2000: Bildatlas der Farn- und Blütenpflanzen Deutschlands. Ulmer, Stuttgart;
Crepis paludosa (L.) Moench;yellow;Schubert, R., Jäger, E.J., Werner, K. (Hrsg.) 1987: Exkursionsflora Band 3. Atlas der Gefäßpflanzen. 6. Aufl., Volk und Wissen, Berlin;
Crepis terglouensis (Hacq.) Kern.;yellow;Schubert, R., Jäger, E.J., Werner, K. (Hrsg.) 1987: Exkursionsflora Band 3. Atlas der Gefäßpflanzen. 6. Aufl., Volk und Wissen, Berlin;
Crocus albiflorus Kit.;white;Schubert, R., Jäger, E.J., Werner, K. (Hrsg.) 1987: Exkursionsflora Band 3. Atlas der Gefäßpflanzen. 6. Aufl., Volk und Wissen, Berlin;
Crocus vernus (L.) Hill s. str.;yellow;Rothmaler, W. 1990: Exkursionsflora. Band 4, Kritischer Band. 8. Aufl., Verlag Volk und Wissen, Berlin;
Cruciata laevipes Opiz;yellow;Schubert, R., Jäger, E.J., Werner, K. (Hrsg.) 1987: Exkursionsflora Band 3. Atlas der Gefäßpflanzen. 6. Aufl., Volk und Wissen, Berlin;
Cuscuta epithymum (L.) L. s. str.;pink;Schubert, R., Jäger, E.J., Werner, K. (Hrsg.) 1987: Exkursionsflora Band 3. Atlas der Gefäßpflanzen. 6. Aufl., Volk und Wissen, Berlin;
Cuscuta trifolii Bab. & Gibson;pink;Haeupler, H., Muer, T. 2000: Bildatlas der Farn- und Blütenpflanzen Deutschlands. Ulmer, Stuttgart;
Dactylorhiza cruenta (O. F. Müller) Soó;purple;Haeupler, H., Muer, T. 2000: Bildatlas der Farn- und Blütenpflanzen Deutschlands. Ulmer, Stuttgart;
Dactylorhiza curvifolia (Nyl.) Czerep.;pink;Haeupler, H., Muer, T. 2000: Bildatlas der Farn- und Blütenpflanzen Deutschlands. Ulmer, Stuttgart;
Dactylorhiza fuchsii (Druce) Soó;pink;Schubert, R., Jäger, E.J., Werner, K. (Hrsg.) 1987: Exkursionsflora Band 3. Atlas der Gefäßpflanzen. 6. Aufl., Volk und Wissen, Berlin;
Dactylorhiza incarnata (L.) Soó;red;Schubert, R., Jäger, E.J., Werner, K. (Hrsg.) 1987: Exkursionsflora Band 3. Atlas der Gefäßpflanzen. 6. Aufl., Volk und Wissen, Berlin;
Dactylorhiza lapponica (Hartm.) Soó;purple;Haeupler, H., Muer, T. 2000: Bildatlas der Farn- und Blütenpflanzen Deutschlands. Ulmer, Stuttgart;
Dactylorhiza maculata (L.) Soó s. str.;pink;Schubert, R., Jäger, E.J., Werner, K. (Hrsg.) 1987: Exkursionsflora Band 3. Atlas der Gefäßpflanzen. 6. Aufl., Volk und Wissen, Berlin;
Dactylorhiza majalis (Rchb.) Hunt & Summerh. s. str.;purple;Schubert, R., Jäger, E.J., Werner, K. (Hrsg.) 1987: Exkursionsflora Band 3. Atlas der Gefäßpflanzen. 6. Aufl., Volk und Wissen, Berlin;
Dactylorhiza praetermissa (Druce) Soó;pink;Haeupler, H., Muer, T. 2000: Bildatlas der Farn- und Blütenpflanzen Deutschlands. Ulmer, Stuttgart;
Dactylorhiza ruthei (M. Schulze & Ruthe) Soó;purple;Haeupler, H., Muer, T. 2000: Bildatlas der Farn- und Blütenpflanzen Deutschlands. Ulmer, Stuttgart;
Dactylorhiza sphagnicola (Höppner) Soó;pink;Haeupler, H., Muer, T. 2000: Bildatlas der Farn- und Blütenpflanzen Deutschlands. Ulmer, Stuttgart;
Dactylorhiza traunsteineri (Saut.) Soó s. str.;purple;Schubert, R., Jäger, E.J., Werner, K. (Hrsg.) 1987: Exkursionsflora Band 3. Atlas der Gefäßpflanzen. 6. Aufl., Volk und Wissen, Berlin;
Dactylorhiza x transiens (Druce) Soó (Dactylorhiza fuchsii x D. maculata);pink;Haeupler, H., Muer, T. 2000: Bildatlas der Farn- und Blütenpflanzen Deutschlands. Ulmer, Stuttgart;
Daphne mezereum L.;pink;Schubert, R., Jäger, E.J., Werner, K. (Hrsg.) 1987: Exkursionsflora Band 3. Atlas der Gefäßpflanzen. 6. Aufl., Volk und Wissen, Berlin;
Daucus carota L.;white;Schubert, R., Jäger, E.J., Werner, K. (Hrsg.) 1987: Exkursionsflora Band 3. Atlas der Gefäßpflanzen. 6. Aufl., Volk und Wissen, Berlin;
Dentaria enneaphyllos L.;white;Schubert, R., Jäger, E.J., Werner, K. (Hrsg.) 1987: Exkursionsflora Band 3. Atlas der Gefäßpflanzen. 6. Aufl., Volk und Wissen, Berlin;
Doronicum grandiflorum Lam.;yellow;Schubert, R., Jäger, E.J., Werner, K. (Hrsg.) 1987: Exkursionsflora Band 3. Atlas der Gefäßpflanzen. 6. Aufl., Volk und Wissen, Berlin;
Draba aizoides L.;yellow;Schubert, R., Jäger, E.J., Werner, K. (Hrsg.) 1987: Exkursionsflora Band 3. Atlas der Gefäßpflanzen. 6. Aufl., Volk und Wissen, Berlin;
Dryas octopetala L.;white;Schubert, R., Jäger, E.J., Werner, K. (Hrsg.) 1987: Exkursionsflora Band 3. Atlas der Gefäßpflanzen. 6. Aufl., Volk und Wissen, Berlin;
Epilobium alpestre (Jacq.) Krock.;purple;Schubert, R., Jäger, E.J., Werner, K. (Hrsg.) 1987: Exkursionsflora Band 3. Atlas der Gefäßpflanzen. 6. Aufl., Volk und Wissen, Berlin;
Epilobium alsinifolium Vill.;red;Schubert, R., Jäger, E.J., Werner, K. (Hrsg.) 1987: Exkursionsflora Band 3. Atlas der Gefäßpflanzen. 6. Aufl., Volk und Wissen, Berlin;
Epilobium angustifolium L.;purple;Schubert, R., Jäger, E.J., Werner, K. (Hrsg.) 1987: Exkursionsflora Band 3. Atlas der Gefäßpflanzen. 6. Aufl., Volk und Wissen, Berlin;
Epilobium montanum L.;pink;Schubert, R., Jäger, E.J., Werner, K. (Hrsg.) 1987: Exkursionsflora Band 3. Atlas der Gefäßpflanzen. 6. Aufl., Volk und Wissen, Berlin;
Epipactis atrorubens (Hoffm. ex Bernh.) Besser;brown;Schubert, R., Jäger, E.J., Werner, K. (Hrsg.) 1987: Exkursionsflora Band 3. Atlas der Gefäßpflanzen. 6. Aufl., Volk und Wissen, Berlin;
Erica carnea L.;red;Schubert, R., Jäger, E.J., Werner, K. (Hrsg.) 1987: Exkursionsflora Band 3. Atlas der Gefäßpflanzen. 6. Aufl., Volk und Wissen, Berlin;
Erigeron annuus (L.) Pers.;white;Schubert, R., Jäger, E.J., Werner, K. (Hrsg.) 1987: Exkursionsflora Band 3. Atlas der Gefäßpflanzen. 6. Aufl., Volk und Wissen, Berlin;
Erigeron uniflorus L.;violet;Schubert, R., Jäger, E.J., Werner, K. (Hrsg.) 1987: Exkursionsflora Band 3. Atlas der Gefäßpflanzen. 6. Aufl., Volk und Wissen, Berlin;
Eupatorium cannabinum L.;pink;Schubert, R., Jäger, E.J., Werner, K. (Hrsg.) 1987: Exkursionsflora Band 3. Atlas der Gefäßpflanzen. 6. Aufl., Volk und Wissen, Berlin;
Euphorbia amygdaloides L.;green;Schubert, R., Jäger, E.J., Werner, K. (Hrsg.) 1987: Exkursionsflora Band 3. Atlas der Gefäßpflanzen. 6. Aufl., Volk und Wissen, Berlin;
Euphorbia cyparissias L.;green;Schubert, R., Jäger, E.J., Werner, K. (Hrsg.) 1987: Exkursionsflora Band 3. Atlas der Gefäßpflanzen. 6. Aufl., Volk und Wissen, Berlin;
Euphrasia frigida Pugsley;white;Haeupler, H., Muer, T. 2000: Bildatlas der Farn- und Blütenpflanzen Deutschlands. Ulmer, Stuttgart;
Euphrasia minima Jacq. ex DC.;yellow;Haeupler, H., Muer, T. 2000: Bildatlas der Farn- und Blütenpflanzen Deutschlands. Ulmer, Stuttgart;
Euphrasia officinalis L. s. l.;white;Schubert, R., Jäger, E.J., Werner, K. (Hrsg.) 1987: Exkursionsflora Band 3. Atlas der Gefäßpflanzen. 6. Aufl., Volk und Wissen, Berlin;
Fragaria moschata (Duchesne) Weston;white;Schubert, R., Jäger, E.J., Werner, K. (Hrsg.) 1987: Exkursionsflora Band 3. Atlas der Gefäßpflanzen. 6. Aufl., Volk und Wissen, Berlin;
Fragaria vesca L.;white;Schubert, R., Jäger, E.J., Werner, K. (Hrsg.) 1987: Exkursionsflora Band 3. Atlas der Gefäßpflanzen. 6. Aufl., Volk und Wissen, Berlin;
Fragaria viridis (Duchesne) Weston;white;Schubert, R., Jäger, E.J., Werner, K. (Hrsg.) 1987: Exkursionsflora Band 3. Atlas der Gefäßpflanzen. 6. Aufl., Volk und Wissen, Berlin;
Fragaria x ananassa (Duchesne) Decne. & Naudin;white;Schubert, R., Jäger, E.J., Werner, K. (Hrsg.) 1987: Exkursionsflora Band 3. Atlas der Gefäßpflanzen. 6. Aufl., Volk und Wissen, Berlin;
Galeobdolon argentatum Smejkal;yellow;Schubert, R., Jäger, E.J., Werner, K. (Hrsg.) 1987: Exkursionsflora Band 3. Atlas der Gefäßpflanzen. 6. Aufl., Volk und Wissen, Berlin;
Galeobdolon flavidum (F. Herm.) Holub;yellow;Schubert, R., Jäger, E.J., Werner, K. (Hrsg.) 1987: Exkursionsflora Band 3. Atlas der Gefäßpflanzen. 6. Aufl., Volk und Wissen, Berlin;
Galeobdolon luteum Huds.;yellow;Schubert, R., Jäger, E.J., Werner, K. (Hrsg.) 1987: Exkursionsflora Band 3. Atlas der Gefäßpflanzen. 6. Aufl., Volk und Wissen, Berlin;
Galeobdolon montanum (Pers.) Pers. ex Rchb.;yellow;Schubert, R., Jäger, E.J., Werner, K. (Hrsg.) 1987: Exkursionsflora Band 3. Atlas der Gefäßpflanzen. 6. Aufl., Volk und Wissen, Berlin;
Galeopsis speciosa Mill.;yellow;Schubert, R., Jäger, E.J., Werner, K. (Hrsg.) 1987: Exkursionsflora Band 3. Atlas der Gefäßpflanzen. 6. Aufl., Volk und Wissen, Berlin;
Galeopsis tetrahit L.;red;Schubert, R., Jäger, E.J., Werner, K. (Hrsg.) 1987: Exkursionsflora Band 3. Atlas der Gefäßpflanzen. 6. Aufl., Volk und Wissen, Berlin;
Galium album Mill.;white;Schubert, R., Jäger, E.J., Werner, K. (Hrsg.) 1987: Exkursionsflora Band 3. Atlas der Gefäßpflanzen. 6. Aufl., Volk und Wissen, Berlin;
Galium anisophyllon Vill. s. str.;white;Schubert, R., Jäger, E.J., Werner, K. (Hrsg.) 1987: Exkursionsflora Band 3. Atlas der Gefäßpflanzen. 6. Aufl., Volk und Wissen, Berlin;
Galium pumilum Murray s. str.;white;Schubert, R., Jäger, E.J., Werner, K. (Hrsg.) 1987: Exkursionsflora Band 3. Atlas der Gefäßpflanzen. 6. Aufl., Volk und Wissen, Berlin;
Galium sterneri Ehrend.;white;Haeupler, H., Muer, T. 2000: Bildatlas der Farn- und Blütenpflanzen Deutschlands. Ulmer, Stuttgart;
Galium suecicum (Sterner) Ehrend.;white;Haeupler, H., Muer, T. 2000: Bildatlas der Farn- und Blütenpflanzen Deutschlands. Ulmer, Stuttgart;
Galium valdepilosum Heinr. Braun;white;Haeupler, H., Muer, T. 2000: Bildatlas der Farn- und Blütenpflanzen Deutschlands. Ulmer, Stuttgart;
Gentiana asclepiadea L.;blue;Schubert, R., Jäger, E.J., Werner, K. (Hrsg.) 1987: Exkursionsflora Band 3. Atlas der Gefäßpflanzen. 6. Aufl., Volk und Wissen, Berlin;
Gentiana bavarica L.;blue;Schubert, R., Jäger, E.J., Werner, K. (Hrsg.) 1987: Exkursionsflora Band 3. Atlas der Gefäßpflanzen. 6. Aufl., Volk und Wissen, Berlin;
Gentiana clusii Perrier & Songeon;blue;Schubert, R., Jäger, E.J., Werner, K. (Hrsg.) 1987: Exkursionsflora Band 3. Atlas der Gefäßpflanzen. 6. Aufl., Volk und Wissen, Berlin;
Gentiana cruciata L.;blue;Schubert, R., Jäger, E.J., Werner, K. (Hrsg.) 1987: Exkursionsflora Band 3. Atlas der Gefäßpflanzen. 6. Aufl., Volk und Wissen, Berlin;
Gentiana nivalis L.;blue;Haeupler, H., Muer, T. 2000: Bildatlas der Farn- und Blütenpflanzen Deutschlands. Ulmer, Stuttgart;
Gentiana pannonica Scop.;purple;Schubert, R., Jäger, E.J., Werner, K. (Hrsg.) 1987: Exkursionsflora Band 3. Atlas der Gefäßpflanzen. 6. Aufl., Volk und Wissen, Berlin;
Gentiana utriculosa L.;blue;Schubert, R., Jäger, E.J., Werner, K. (Hrsg.) 1987: Exkursionsflora Band 3. Atlas der Gefäßpflanzen. 6. Aufl., Volk und Wissen, Berlin;
Gentiana verna L.;blue;Schubert, R., Jäger, E.J., Werner, K. (Hrsg.) 1987: Exkursionsflora Band 3. Atlas der Gefäßpflanzen. 6. Aufl., Volk und Wissen, Berlin;
Gentianella aspera (Hegetschw.) Dostal ex Skalicky, Chrtek & Gill;violet;Schubert, R., Jäger, E.J., Werner, K. (Hrsg.) 1987: Exkursionsflora Band 3. Atlas der Gefäßpflanzen. 6. Aufl., Volk und Wissen, Berlin;
Gentianella ciliata (L.) Borkh.;blue;Schubert, R., Jäger, E.J., Werner, K. (Hrsg.) 1987: Exkursionsflora Band 3. Atlas der Gefäßpflanzen. 6. Aufl., Volk und Wissen, Berlin;
Geranium purpureum Vill.;purple;Schubert, R., Jäger, E.J., Werner, K. (Hrsg.) 1987: Exkursionsflora Band 3. Atlas der Gefäßpflanzen. 6. Aufl., Volk und Wissen, Berlin;
Geranium robertianum L. s. str.;purple;Schubert, R., Jäger, E.J., Werner, K. (Hrsg.) 1987: Exkursionsflora Band 3. Atlas der Gefäßpflanzen. 6. Aufl., Volk und Wissen, Berlin;
Geranium sylvaticum L.;violet;Schubert, R., Jäger, E.J., Werner, K. (Hrsg.) 1987: Exkursionsflora Band 3. Atlas der Gefäßpflanzen. 6. Aufl., Volk und Wissen, Berlin;
Geum rivale L.;red;Schubert, R., Jäger, E.J., Werner, K. (Hrsg.) 1987: Exkursionsflora Band 3. Atlas der Gefäßpflanzen. 6. Aufl., Volk und Wissen, Berlin;
Geum urbanum L.;yellow;Schubert, R., Jäger, E.J., Werner, K. (Hrsg.) 1987: Exkursionsflora Band 3. Atlas der Gefäßpflanzen. 6. Aufl., Volk und Wissen, Berlin;
Glechoma hederacea L.;violet;Schubert, R., Jäger, E.J., Werner, K. (Hrsg.) 1987: Exkursionsflora Band 3. Atlas der Gefäßpflanzen. 6. Aufl., Volk und Wissen, Berlin;
Globularia cordifolia L.;blue;Schubert, R., Jäger, E.J., Werner, K. (Hrsg.) 1987: Exkursionsflora Band 3. Atlas der Gefäßpflanzen. 6. Aufl., Volk und Wissen, Berlin;
Globularia nudicaulis L.;blue;Schubert, R., Jäger, E.J., Werner, K. (Hrsg.) 1987: Exkursionsflora Band 3. Atlas der Gefäßpflanzen. 6. Aufl., Volk und Wissen, Berlin;
Gymnadenia conopsea (L.) R. Br.;purple;Schubert, R., Jäger, E.J., Werner, K. (Hrsg.) 1987: Exkursionsflora Band 3. Atlas der Gefäßpflanzen. 6. Aufl., Volk und Wissen, Berlin;
Gymnadenia odoratissima (L.) Rich.;purple;Schubert, R., Jäger, E.J., Werner, K. (Hrsg.) 1987: Exkursionsflora Band 3. Atlas der Gefäßpflanzen. 6. Aufl., Volk und Wissen, Berlin;
Gypsophila repens L.;white;Schubert, R., Jäger, E.J., Werner, K. (Hrsg.) 1987: Exkursionsflora Band 3. Atlas der Gefäßpflanzen. 6. Aufl., Volk und Wissen, Berlin;
Hedysarum hedysaroides (L.) Schinz & Thell.;purple;Schubert, R., Jäger, E.J., Werner, K. (Hrsg.) 1987: Exkursionsflora Band 3. Atlas der Gefäßpflanzen. 6. Aufl., Volk und Wissen, Berlin;
Helianthemum alpestre (Jacq.) DC.;yellow;Schubert, R., Jäger, E.J., Werner, K. (Hrsg.) 1987: Exkursionsflora Band 3. Atlas der Gefäßpflanzen. 6. Aufl., Volk und Wissen, Berlin;
Helianthemum nummularium (L.) Mill. s. l.;yellow;Schubert, R., Jäger, E.J., Werner, K. (Hrsg.) 1987: Exkursionsflora Band 3. Atlas der Gefäßpflanzen. 6. Aufl., Volk und Wissen, Berlin;
Helleborus niger L.;white;Schubert, R., Jäger, E.J., Werner, K. (Hrsg.) 1987: Exkursionsflora Band 3. Atlas der Gefäßpflanzen. 6. Aufl., Volk und Wissen, Berlin;
Hepatica nobilis Schreb.;blue;Schubert, R., Jäger, E.J., Werner, K. (Hrsg.) 1987: Exkursionsflora Band 3. Atlas der Gefäßpflanzen. 6. Aufl., Volk und Wissen, Berlin;
Heracleum austriacum L.;white;Schubert, R., Jäger, E.J., Werner, K. (Hrsg.) 1987: Exkursionsflora Band 3. Atlas der Gefäßpflanzen. 6. Aufl., Volk und Wissen, Berlin;
Heracleum sphondylium L.;white;Schubert, R., Jäger, E.J., Werner, K. (Hrsg.) 1987: Exkursionsflora Band 3. Atlas der Gefäßpflanzen. 6. Aufl., Volk und Wissen, Berlin;
Hieracium adriaticiforme (Zahn) Zahn (piloselloides < peleterianum);yellow;Haeupler, H., Muer, T. 2000: Bildatlas der Farn- und Blütenpflanzen Deutschlands. Ulmer, Stuttgart;
Hieracium anchusoides (Arv.-Touv.) St.-Lag. (zizianum > pilosella);yellow;Haeupler, H., Muer, T. 2000: Bildatlas der Farn- und Blütenpflanzen Deutschlands. Ulmer, Stuttgart;
Hieracium angustifolium Hoppe;yellow;Schubert, R., Jäger, E.J., Werner, K. (Hrsg.) 1987: Exkursionsflora Band 3. Atlas der Gefäßpflanzen. 6. Aufl., Volk und Wissen, Berlin;
Hieracium apatelium Nägeli & Peter (floribundum - pilosella);yellow;Haeupler, H., Muer, T. 2000: Bildatlas der Farn- und Blütenpflanzen Deutschlands. Ulmer, Stuttgart;
Hieracium aridum Freyn (piloselloides - pilosella);yellow;Haeupler, H., Muer, T. 2000: Bildatlas der Farn- und Blütenpflanzen Deutschlands. Ulmer, Stuttgart;
Hieracium arnoserioides Nägeli & Peter (piloselloides - macranthum);yellow;Haeupler, H., Muer, T. 2000: Bildatlas der Farn- und Blütenpflanzen Deutschlands. Ulmer, Stuttgart;
Hieracium arvicola Nägeli & Peter (piloselloides - caespitosum);yellow;Haeupler, H., Muer, T. 2000: Bildatlas der Farn- und Blütenpflanzen Deutschlands. Ulmer, Stuttgart;
Hieracium aurantiacum L.;orange;Haeupler, H., Muer, T. 2000: Bildatlas der Farn- und Blütenpflanzen Deutschlands. Ulmer, Stuttgart;
Hieracium auriculoides Lang (bauhini - echioides);yellow;Haeupler, H., Muer, T. 2000: Bildatlas der Farn- und Blütenpflanzen Deutschlands. Ulmer, Stuttgart;
Hieracium basifurcum Peter (sphaerocephalum - pilosella);yellow;Haeupler, H., Muer, T. 2000: Bildatlas der Farn- und Blütenpflanzen Deutschlands. Ulmer, Stuttgart;
Hieracium bauhini Schult.;yellow;Schubert, R., Jäger, E.J., Werner, K. (Hrsg.) 1987: Exkursionsflora Band 3. Atlas der Gefäßpflanzen. 6. Aufl., Volk und Wissen, Berlin;
Hieracium bifidum Kit.;yellow;Schubert, R., Jäger, E.J., Werner, K. (Hrsg.) 1987: Exkursionsflora Band 3. Atlas der Gefäßpflanzen. 6. Aufl., Volk und Wissen, Berlin;
Hieracium bifurcum M. Bieb. (echioides <= pilosella);yellow;Haeupler, H., Muer, T. 2000: Bildatlas der Farn- und Blütenpflanzen Deutschlands. Ulmer, Stuttgart;
Hieracium brachiatum Bertol. ex DC. (piloselloides < pilosella);yellow;Haeupler, H., Muer, T. 2000: Bildatlas der Farn- und Blütenpflanzen Deutschlands. Ulmer, Stuttgart;
Hieracium brachycomum Nägeli & Peter (sphaerocephalum - lactucella);yellow;Haeupler, H., Muer, T. 2000: Bildatlas der Farn- und Blütenpflanzen Deutschlands. Ulmer, Stuttgart;
Hieracium caespitosum Dumort.;yellow;Schubert, R., Jäger, E.J., Werner, K. (Hrsg.) 1987: Exkursionsflora Band 3. Atlas der Gefäßpflanzen. 6. Aufl., Volk und Wissen, Berlin;
Hieracium calodon Tausch ex Peter (echioides - piloselloides);yellow;Haeupler, H., Muer, T. 2000: Bildatlas der Farn- und Blütenpflanzen Deutschlands. Ulmer, Stuttgart;
Hieracium chaetocephalum H. Hofmann (caespitosum - peleterianum);yellow;Haeupler, H., Muer, T. 2000: Bildatlas der Farn- und Blütenpflanzen Deutschlands. Ulmer, Stuttgart;
Hieracium chlorops (Nägeli & Peter) Zahn (prussicum - lactucella);yellow;Haeupler, H., Muer, T. 2000: Bildatlas der Farn- und Blütenpflanzen Deutschlands. Ulmer, Stuttgart;
Hieracium cinereiforme Meissner & Zahn (fallax <= pilosella);yellow;Haeupler, H., Muer, T. 2000: Bildatlas der Farn- und Blütenpflanzen Deutschlands. Ulmer, Stuttgart;
Hieracium cochleatum (Nägeli & Peter) Zahn (caespitosum < lactucella);yellow;Haeupler, H., Muer, T. 2000: Bildatlas der Farn- und Blütenpflanzen Deutschlands. Ulmer, Stuttgart;
Hieracium cymosum L.;yellow;Schubert, R., Jäger, E.J., Werner, K. (Hrsg.) 1987: Exkursionsflora Band 3. Atlas der Gefäßpflanzen. 6. Aufl., Volk und Wissen, Berlin;
Hieracium densiflorum Tausch (bauhini - cymosum);yellow;Haeupler, H., Muer, T. 2000: Bildatlas der Farn- und Blütenpflanzen Deutschlands. Ulmer, Stuttgart;
Hieracium echioides Lumn.;yellow;Schubert, R., Jäger, E.J., Werner, K. (Hrsg.) 1987: Exkursionsflora Band 3. Atlas der Gefäßpflanzen. 6. Aufl., Volk und Wissen, Berlin;
Hieracium euchaetium Nägeli & Peter (bauhini - echioides - pilosella);yellow;Haeupler, H., Muer, T. 2000: Bildatlas der Farn- und Blütenpflanzen Deutschlands. Ulmer, Stuttgart;
Hieracium fallaciforme Litv. & Zahn (fallax > pilosella);yellow;Haeupler, H., Muer, T. 2000: Bildatlas der Farn- und Blütenpflanzen Deutschlands. Ulmer, Stuttgart;
Hieracium fallacinum F. W. Schultz (densiflorum >= pilosella);yellow;Haeupler, H., Muer, T. 2000: Bildatlas der Farn- und Blütenpflanzen Deutschlands. Ulmer, Stuttgart;
Hieracium fallax Willd. (echioides - cymosum);yellow;Haeupler, H., Muer, T. 2000: Bildatlas der Farn- und Blütenpflanzen Deutschlands. Ulmer, Stuttgart;
Hieracium flagellare Willd. (caespitosum - pilosella);yellow;Haeupler, H., Muer, T. 2000: Bildatlas der Farn- und Blütenpflanzen Deutschlands. Ulmer, Stuttgart;
Hieracium floribundum Wimm. & Grab. (caespitosum > lactucella);yellow;Schubert, R., Jäger, E.J., Werner, K. (Hrsg.) 1987: Exkursionsflora Band 3. Atlas der Gefäßpflanzen. 6. Aufl., Volk und Wissen, Berlin;
Hieracium fuscum Vill. (aurantiacum > lactucella);yellow;Haeupler, H., Muer, T. 2000: Bildatlas der Farn- und Blütenpflanzen Deutschlands. Ulmer, Stuttgart;
Hieracium glomeratum Froel. (cymosum - caespitosum);yellow;Haeupler, H., Muer, T. 2000: Bildatlas der Farn- und Blütenpflanzen Deutschlands. Ulmer, Stuttgart;
Hieracium guthnickianum Hegetschw. (cymosum - aurantiacum);orange;Haeupler, H., Muer, T. 2000: Bildatlas der Farn- und Blütenpflanzen Deutschlands. Ulmer, Stuttgart;
Hieracium heterodoxum (Tausch) Nägeli & Peter (calodon > pilosella);yellow;Haeupler, H., Muer, T. 2000: Bildatlas der Farn- und Blütenpflanzen Deutschlands. Ulmer, Stuttgart;
Hieracium hoppeanum Schult. s. str.;yellow;Schubert, R., Jäger, E.J., Werner, K. (Hrsg.) 1987: Exkursionsflora Band 3. Atlas der Gefäßpflanzen. 6. Aufl., Volk und Wissen, Berlin;
Hieracium hybridum Chaix (cymosum > peleterianum);yellow;Haeupler, H., Muer, T. 2000: Bildatlas der Farn- und Blütenpflanzen Deutschlands. Ulmer, Stuttgart;
Hieracium hypeuryum Peter (hoppeanum - pilosella);yellow;Haeupler, H., Muer, T. 2000: Bildatlas der Farn- und Blütenpflanzen Deutschlands. Ulmer, Stuttgart;
Hieracium iseranum (Uechtr.) Zahn (floribundum > pilosella);yellow;Haeupler, H., Muer, T. 2000: Bildatlas der Farn- und Blütenpflanzen Deutschlands. Ulmer, Stuttgart;
Hieracium kalksburgense Wiesb. (cymosum < pilosella);yellow;Haeupler, H., Muer, T. 2000: Bildatlas der Farn- und Blütenpflanzen Deutschlands. Ulmer, Stuttgart;
Hieracium koernickeanum (Nägeli & Peter) Zahn (bauhini - lactucella);yellow;Haeupler, H., Muer, T. 2000: Bildatlas der Farn- und Blütenpflanzen Deutschlands. Ulmer, Stuttgart;
Hieracium lactucella Wallr.;yellow;Schubert, R., Jäger, E.J., Werner, K. (Hrsg.) 1987: Exkursionsflora Band 3. Atlas der Gefäßpflanzen. 6. Aufl., Volk und Wissen, Berlin;
Hieracium leptoclados Peter (arvicola - pilosella);yellow;Haeupler, H., Muer, T. 2000: Bildatlas der Farn- und Blütenpflanzen Deutschlands. Ulmer, Stuttgart;
Hieracium leptophyton Nägeli & Peter (bauhini > pilosella);yellow;Haeupler, H., Muer, T. 2000: Bildatlas der Farn- und Blütenpflanzen Deutschlands. Ulmer, Stuttgart;
Hieracium leucense F. O. Wolf (piloselloides < peleterianum);yellow;Haeupler, H., Muer, T. 2000: Bildatlas der Farn- und Blütenpflanzen Deutschlands. Ulmer, Stuttgart;
Hieracium longisquamum Peter (peleterianum - pilosella);yellow;Haeupler, H., Muer, T. 2000: Bildatlas der Farn- und Blütenpflanzen Deutschlands. Ulmer, Stuttgart;
Hieracium macranthelum Nägeli & Peter (glomeratum - pilosella);yellow;Haeupler, H., Muer, T. 2000: Bildatlas der Farn- und Blütenpflanzen Deutschlands. Ulmer, Stuttgart;
Hieracium macranthum (Ten.) Ten.;yellow;Haeupler, H., Muer, T. 2000: Bildatlas der Farn- und Blütenpflanzen Deutschlands. Ulmer, Stuttgart;
Hieracium macrostolonum Gus. Schneid. (caespitosum < pilosella);yellow;Haeupler, H., Muer, T. 2000: Bildatlas der Farn- und Blütenpflanzen Deutschlands. Ulmer, Stuttgart;
Hieracium montanum Nägeli & Peter (arvicola > pilosella);yellow;Haeupler, H., Muer, T. 2000: Bildatlas der Farn- und Blütenpflanzen Deutschlands. Ulmer, Stuttgart;
Hieracium murorum L.;yellow;Schubert, R., Jäger, E.J., Werner, K. (Hrsg.) 1987: Exkursionsflora Band 3. Atlas der Gefäßpflanzen. 6. Aufl., Volk und Wissen, Berlin;
Hieracium nassovicum (Zahn) Gottschlich (calodon < pilosella);yellow;Haeupler, H., Muer, T. 2000: Bildatlas der Farn- und Blütenpflanzen Deutschlands. Ulmer, Stuttgart;
Hieracium niphostribes Peter (lactucella - angustifolium);yellow;Haeupler, H., Muer, T. 2000: Bildatlas der Farn- und Blütenpflanzen Deutschlands. Ulmer, Stuttgart;
Hieracium nothum Huter (aurantiacum - sphaerocephalum);yellow;Haeupler, H., Muer, T. 2000: Bildatlas der Farn- und Blütenpflanzen Deutschlands. Ulmer, Stuttgart;
Hieracium paragogum Nägeli & Peter (brachiatum - lactucella);yellow;Haeupler, H., Muer, T. 2000: Bildatlas der Farn- und Blütenpflanzen Deutschlands. Ulmer, Stuttgart;
Hieracium peleterianum Mérat;yellow;Schubert, R., Jäger, E.J., Werner, K. (Hrsg.) 1987: Exkursionsflora Band 3. Atlas der Gefäßpflanzen. 6. Aufl., Volk und Wissen, Berlin;
Hieracium pilosella L.;yellow;Schubert, R., Jäger, E.J., Werner, K. (Hrsg.) 1987: Exkursionsflora Band 3. Atlas der Gefäßpflanzen. 6. Aufl., Volk und Wissen, Berlin;
Hieracium piloselliflorum Nägeli & Peter (floribundum < pilosella);yellow;Haeupler, H., Muer, T. 2000: Bildatlas der Farn- und Blütenpflanzen Deutschlands. Ulmer, Stuttgart;
Hieracium pilosellinum F. W. Schultz (fallacinum - pilosella);yellow;Haeupler, H., Muer, T. 2000: Bildatlas der Farn- und Blütenpflanzen Deutschlands. Ulmer, Stuttgart;
Hieracium piloselloides Vill.;yellow;Schubert, R., Jäger, E.J., Werner, K. (Hrsg.) 1987: Exkursionsflora Band 3. Atlas der Gefäßpflanzen. 6. Aufl., Volk und Wissen, Berlin;
Hieracium pilosum Schleich. ex Froel.;yellow;Schubert, R., Jäger, E.J., Werner, K. (Hrsg.) 1987: Exkursionsflora Band 3. Atlas der Gefäßpflanzen. 6. Aufl., Volk und Wissen, Berlin;
Hieracium polymastix Peter (bauhini - caespitosum);yellow;Haeupler, H., Muer, T. 2000: Bildatlas der Farn- und Blütenpflanzen Deutschlands. Ulmer, Stuttgart;
Hieracium prussicum Nägeli & Peter (caespitosum > pilosella);yellow;Haeupler, H., Muer, T. 2000: Bildatlas der Farn- und Blütenpflanzen Deutschlands. Ulmer, Stuttgart;
Hieracium pseudeffusum Peter (bauhini - piloselloides);yellow;Haeupler, H., Muer, T. 2000: Bildatlas der Farn- und Blütenpflanzen Deutschlands. Ulmer, Stuttgart;
Hieracium rothianum Wallr. (echoides > pilosella);yellow;Haeupler, H., Muer, T. 2000: Bildatlas der Farn- und Blütenpflanzen Deutschlands. Ulmer, Stuttgart;
Hieracium rubriflorum Zahn (aurantiacum > hoppeanum);orange;Haeupler, H., Muer, T. 2000: Bildatlas der Farn- und Blütenpflanzen Deutschlands. Ulmer, Stuttgart;
Hieracium schneidii Schack & Zahn (calodon - densiflorum);yellow;Haeupler, H., Muer, T. 2000: Bildatlas der Farn- und Blütenpflanzen Deutschlands. Ulmer, Stuttgart;
Hieracium schultesii F. W. Schultz (lactucella - pilosella);yellow;Haeupler, H., Muer, T. 2000: Bildatlas der Farn- und Blütenpflanzen Deutschlands. Ulmer, Stuttgart;
Hieracium sciadophorum Nägeli & Peter (cymosum - lactucella);yellow;Haeupler, H., Muer, T. 2000: Bildatlas der Farn- und Blütenpflanzen Deutschlands. Ulmer, Stuttgart;
Hieracium sphaerocephalum Froel. (angustifolium - hoppeanum);yellow;Haeupler, H., Muer, T. 2000: Bildatlas der Farn- und Blütenpflanzen Deutschlands. Ulmer, Stuttgart;
Hieracium spurium Chaix ex Froel. (cymosum > pilosella);yellow;Haeupler, H., Muer, T. 2000: Bildatlas der Farn- und Blütenpflanzen Deutschlands. Ulmer, Stuttgart;
Hieracium stoloniflorum Waldst. & Kit. (aurantiacum < pilosella);orange;Haeupler, H., Muer, T. 2000: Bildatlas der Farn- und Blütenpflanzen Deutschlands. Ulmer, Stuttgart;
Hieracium substoloniflorum Peter (aurantiacum <= hoppeanum);orange;Haeupler, H., Muer, T. 2000: Bildatlas der Farn- und Blütenpflanzen Deutschlands. Ulmer, Stuttgart;
Hieracium sulphureum Döll (piloselloides - lactucella);yellow;Haeupler, H., Muer, T. 2000: Bildatlas der Farn- und Blütenpflanzen Deutschlands. Ulmer, Stuttgart;
Hieracium villosum Jacq.;yellow;Schubert, R., Jäger, E.J., Werner, K. (Hrsg.) 1987: Exkursionsflora Band 3. Atlas der Gefäßpflanzen. 6. Aufl., Volk und Wissen, Berlin;
Hieracium viridifolium Peter (lactucella - hoppeanum);yellow;Haeupler, H., Muer, T. 2000: Bildatlas der Farn- und Blütenpflanzen Deutschlands. Ulmer, Stuttgart;
Hieracium visianii (F. W. Schultz & Sch. Bip.) Schinz & Thell. (piloselloides > pilosella);yellow;Haeupler, H., Muer, T. 2000: Bildatlas der Farn- und Blütenpflanzen Deutschlands. Ulmer, Stuttgart;
Hieracium vulgatum Fr. (bifidum <= lachenalii);yellow;Haeupler, H., Muer, T. 2000: Bildatlas der Farn- und Blütenpflanzen Deutschlands. Ulmer, Stuttgart;
Hieracium walteri-langii Gottschlich (fallax - leptophyton);yellow;Haeupler, H., Muer, T. 2000: Bildatlas der Farn- und Blütenpflanzen Deutschlands. Ulmer, Stuttgart;
Hieracium zizianum Tausch (piloselloides - cymosum);yellow;Haeupler, H., Muer, T. 2000: Bildatlas der Farn- und Blütenpflanzen Deutschlands. Ulmer, Stuttgart;
Hippocrepis comosa L.;yellow;Schubert, R., Jäger, E.J., Werner, K. (Hrsg.) 1987: Exkursionsflora Band 3. Atlas der Gefäßpflanzen. 6. Aufl., Volk und Wissen, Berlin;
Homogyne alpina (L.) Cass.;violet;Schubert, R., Jäger, E.J., Werner, K. (Hrsg.) 1987: Exkursionsflora Band 3. Atlas der Gefäßpflanzen. 6. Aufl., Volk und Wissen, Berlin;
Hypericum maculatum Crantz s. l.;yellow;Schubert, R., Jäger, E.J., Werner, K. (Hrsg.) 1987: Exkursionsflora Band 3. Atlas der Gefäßpflanzen. 6. Aufl., Volk und Wissen, Berlin;
Hypericum perforatum L.;yellow;Schubert, R., Jäger, E.J., Werner, K. (Hrsg.) 1987: Exkursionsflora Band 3. Atlas der Gefäßpflanzen. 6. Aufl., Volk und Wissen, Berlin;
Hypericum x desetangsii Lamotte s. l. (Hypericum maculatum x H. perforatum);yellow;Haeupler, H., Muer, T. 2000: Bildatlas der Farn- und Blütenpflanzen Deutschlands. Ulmer, Stuttgart;
Impatiens noli-tangere L.;yellow;Schubert, R., Jäger, E.J., Werner, K. (Hrsg.) 1987: Exkursionsflora Band 3. Atlas der Gefäßpflanzen. 6. Aufl., Volk und Wissen, Berlin;
Juncus trifidus L. s. l.;brown;Schubert, R., Jäger, E.J., Werner, K. (Hrsg.) 1987: Exkursionsflora Band 3. Atlas der Gefäßpflanzen. 6. Aufl., Volk und Wissen, Berlin;
Knautia arvensis (L.) Coult. s. str.;blue;Schubert, R., Jäger, E.J., Werner, K. (Hrsg.) 1987: Exkursionsflora Band 3. Atlas der Gefäßpflanzen. 6. Aufl., Volk und Wissen, Berlin;
Knautia dipsacifolia Kreutzer;violet;Schubert, R., Jäger, E.J., Werner, K. (Hrsg.) 1987: Exkursionsflora Band 3. Atlas der Gefäßpflanzen. 6. Aufl., Volk und Wissen, Berlin;
Knautia kitaibelii (Schult.) Borbás;white;Haeupler, H., Muer, T. 2000: Bildatlas der Farn- und Blütenpflanzen Deutschlands. Ulmer, Stuttgart;
Lamium maculatum L.;purple;Schubert, R., Jäger, E.J., Werner, K. (Hrsg.) 1987: Exkursionsflora Band 3. Atlas der Gefäßpflanzen. 6. Aufl., Volk und Wissen, Berlin;
Lathyrus pratensis L.;yellow;Schubert, R., Jäger, E.J., Werner, K. (Hrsg.) 1987: Exkursionsflora Band 3. Atlas der Gefäßpflanzen. 6. Aufl., Volk und Wissen, Berlin;
Leontodon hispidus L.;yellow;Schubert, R., Jäger, E.J., Werner, K. (Hrsg.) 1987: Exkursionsflora Band 3. Atlas der Gefäßpflanzen. 6. Aufl., Volk und Wissen, Berlin;
Leucanthemum adustum (W. D. J. Koch) Gremli;white;Schubert, R., Jäger, E.J., Werner, K. (Hrsg.) 1987: Exkursionsflora Band 3. Atlas der Gefäßpflanzen. 6. Aufl., Volk und Wissen, Berlin;
Leucanthemum halleri (Suter) Ducommun;white;Schubert, R., Jäger, E.J., Werner, K. (Hrsg.) 1987: Exkursionsflora Band 3. Atlas der Gefäßpflanzen. 6. Aufl., Volk und Wissen, Berlin;
Leucanthemum ircutianum DC.;white;Schubert, R., Jäger, E.J., Werner, K. (Hrsg.) 1987: Exkursionsflora Band 3. Atlas der Gefäßpflanzen. 6. Aufl., Volk und Wissen, Berlin;
Leucanthemum vulgare Lam. s. str.;white;Schubert, R., Jäger, E.J., Werner, K. (Hrsg.) 1987: Exkursionsflora Band 3. Atlas der Gefäßpflanzen. 6. Aufl., Volk und Wissen, Berlin;
Ligusticum mutellina (L.) Crantz;white;Schubert, R., Jäger, E.J., Werner, K. (Hrsg.) 1987: Exkursionsflora Band 3. Atlas der Gefäßpflanzen. 6. Aufl., Volk und Wissen, Berlin;
Lilium martagon L.;purple;Schubert, R., Jäger, E.J., Werner, K. (Hrsg.) 1987: Exkursionsflora Band 3. Atlas der Gefäßpflanzen. 6. Aufl., Volk und Wissen, Berlin;
Linaria alpina (L.) Mill.;violet;Schubert, R., Jäger, E.J., Werner, K. (Hrsg.) 1987: Exkursionsflora Band 3. Atlas der Gefäßpflanzen. 6. Aufl., Volk und Wissen, Berlin;
Linaria vulgaris Mill.;yellow;Schubert, R., Jäger, E.J., Werner, K. (Hrsg.) 1987: Exkursionsflora Band 3. Atlas der Gefäßpflanzen. 6. Aufl., Volk und Wissen, Berlin;
Linum catharticum L.;white;Schubert, R., Jäger, E.J., Werner, K. (Hrsg.) 1987: Exkursionsflora Band 3. Atlas der Gefäßpflanzen. 6. Aufl., Volk und Wissen, Berlin;
Listera ovata (L.) R. Br.;green;Schubert, R., Jäger, E.J., Werner, K. (Hrsg.) 1987: Exkursionsflora Band 3. Atlas der Gefäßpflanzen. 6. Aufl., Volk und Wissen, Berlin;
Lotus alpinus (DC.) Schleich. ex Ramond;yellow;Schubert, R., Jäger, E.J., Werner, K. (Hrsg.) 1987: Exkursionsflora Band 3. Atlas der Gefäßpflanzen. 6. Aufl., Volk und Wissen, Berlin;
Lotus corniculatus L.;yellow;Schubert, R., Jäger, E.J., Werner, K. (Hrsg.) 1987: Exkursionsflora Band 3. Atlas der Gefäßpflanzen. 6. Aufl., Volk und Wissen, Berlin;
Lotus tenuis Waldst. & Kit. ex Willd.;yellow;Schubert, R., Jäger, E.J., Werner, K. (Hrsg.) 1987: Exkursionsflora Band 3. Atlas der Gefäßpflanzen. 6. Aufl., Volk und Wissen, Berlin;
Luzula glabrata (Hoppe) Desv.;brown;Schubert, R., Jäger, E.J., Werner, K. (Hrsg.) 1987: Exkursionsflora Band 3. Atlas der Gefäßpflanzen. 6. Aufl., Volk und Wissen, Berlin;
Luzula luzulina (Vill.) Dalla Torre & Sarnth.;yellow;Schubert, R., Jäger, E.J., Werner, K. (Hrsg.) 1987: Exkursionsflora Band 3. Atlas der Gefäßpflanzen. 6. Aufl., Volk und Wissen, Berlin;
Luzula multiflora (Ehrh.) Lej. s. str.;brown;Schubert, R., Jäger, E.J., Werner, K. (Hrsg.) 1987: Exkursionsflora Band 3. Atlas der Gefäßpflanzen. 6. Aufl., Volk und Wissen, Berlin;
Luzula pilosa (L.) Willd.;brown;Schubert, R., Jäger, E.J., Werner, K. (Hrsg.) 1987: Exkursionsflora Band 3. Atlas der Gefäßpflanzen. 6. Aufl., Volk und Wissen, Berlin;
Luzula sudetica (Willd.) Schult.;brown;Schubert, R., Jäger, E.J., Werner, K. (Hrsg.) 1987: Exkursionsflora Band 3. Atlas der Gefäßpflanzen. 6. Aufl., Volk und Wissen, Berlin;
Luzula sylvatica (Huds.) Gaudin s. l.;brown;Schubert, R., Jäger, E.J., Werner, K. (Hrsg.) 1987: Exkursionsflora Band 3. Atlas der Gefäßpflanzen. 6. Aufl., Volk und Wissen, Berlin;
Lychnis flos-cuculi L.;red;Schubert, R., Jäger, E.J., Werner, K. (Hrsg.) 1987: Exkursionsflora Band 3. Atlas der Gefäßpflanzen. 6. Aufl., Volk und Wissen, Berlin;
Lysimachia nemorum L.;yellow;Schubert, R., Jäger, E.J., Werner, K. (Hrsg.) 1987: Exkursionsflora Band 3. Atlas der Gefäßpflanzen. 6. Aufl., Volk und Wissen, Berlin;
Lysimachia nummularia L.;yellow;Schubert, R., Jäger, E.J., Werner, K. (Hrsg.) 1987: Exkursionsflora Band 3. Atlas der Gefäßpflanzen. 6. Aufl., Volk und Wissen, Berlin;
Maianthemum bifolium (L.) F. W. Schmidt;white;Schubert, R., Jäger, E.J., Werner, K. (Hrsg.) 1987: Exkursionsflora Band 3. Atlas der Gefäßpflanzen. 6. Aufl., Volk und Wissen, Berlin;
Malaxis monophyllos (L.) Sw.;yellow;Schubert, R., Jäger, E.J., Werner, K. (Hrsg.) 1987: Exkursionsflora Band 3. Atlas der Gefäßpflanzen. 6. Aufl., Volk und Wissen, Berlin;
Medicago lupulina L.;yellow;Schubert, R., Jäger, E.J., Werner, K. (Hrsg.) 1987: Exkursionsflora Band 3. Atlas der Gefäßpflanzen. 6. Aufl., Volk und Wissen, Berlin;
Melampyrum sylvaticum L.;yellow;Schubert, R., Jäger, E.J., Werner, K. (Hrsg.) 1987: Exkursionsflora Band 3. Atlas der Gefäßpflanzen. 6. Aufl., Volk und Wissen, Berlin;
Mentha arvensis L.;pink;Schubert, R., Jäger, E.J., Werner, K. (Hrsg.) 1987: Exkursionsflora Band 3. Atlas der Gefäßpflanzen. 6. Aufl., Volk und Wissen, Berlin;
Mentha longifolia (L.) L.;violet;Schubert, R., Jäger, E.J., Werner, K. (Hrsg.) 1987: Exkursionsflora Band 3. Atlas der Gefäßpflanzen. 6. Aufl., Volk und Wissen, Berlin;
Mercurialis ovata Sternb. & Hoppe;green;Schubert, R., Jäger, E.J., Werner, K. (Hrsg.) 1987: Exkursionsflora Band 3. Atlas der Gefäßpflanzen. 6. Aufl., Volk und Wissen, Berlin;
Mercurialis perennis L.;green;Schubert, R., Jäger, E.J., Werner, K. (Hrsg.) 1987: Exkursionsflora Band 3. Atlas der Gefäßpflanzen. 6. Aufl., Volk und Wissen, Berlin;
Minuartia sedoides (L.) Hiern;green;Schubert, R., Jäger, E.J., Werner, K. (Hrsg.) 1987: Exkursionsflora Band 3. Atlas der Gefäßpflanzen. 6. Aufl., Volk und Wissen, Berlin;
Minuartia verna (L.) Hiern s. l.;white;Schubert, R., Jäger, E.J., Werner, K. (Hrsg.) 1987: Exkursionsflora Band 3. Atlas der Gefäßpflanzen. 6. Aufl., Volk und Wissen, Berlin;
Moehringia ciliata (Scop.) Dalla Torre;white;Schubert, R., Jäger, E.J., Werner, K. (Hrsg.) 1987: Exkursionsflora Band 3. Atlas der Gefäßpflanzen. 6. Aufl., Volk und Wissen, Berlin;
Moehringia muscosa L.;white;Schubert, R., Jäger, E.J., Werner, K. (Hrsg.) 1987: Exkursionsflora Band 3. Atlas der Gefäßpflanzen. 6. Aufl., Volk und Wissen, Berlin;
Myosotis alpestris F. W. Schmidt;blue;Schubert, R., Jäger, E.J., Werner, K. (Hrsg.) 1987: Exkursionsflora Band 3. Atlas der Gefäßpflanzen. 6. Aufl., Volk und Wissen, Berlin;
Myosotis decumbens Host;blue;Schubert, R., Jäger, E.J., Werner, K. (Hrsg.) 1987: Exkursionsflora Band 3. Atlas der Gefäßpflanzen. 6. Aufl., Volk und Wissen, Berlin;
Myosotis nemorosa Besser;blue;Haeupler, H., Muer, T. 2000: Bildatlas der Farn- und Blütenpflanzen Deutschlands. Ulmer, Stuttgart;
Myosotis sylvatica Ehrh. ex Hoffm.;blue;Schubert, R., Jäger, E.J., Werner, K. (Hrsg.) 1987: Exkursionsflora Band 3. Atlas der Gefäßpflanzen. 6. Aufl., Volk und Wissen, Berlin;
Nigritella rhellicani Teppner & Klein;brown;Haeupler, H., Muer, T. 2000: Bildatlas der Farn- und Blütenpflanzen Deutschlands. Ulmer, Stuttgart;
Ophrys holoserica (Burm. f.) Greuter;pink;Schubert, R., Jäger, E.J., Werner, K. (Hrsg.) 1987: Exkursionsflora Band 3. Atlas der Gefäßpflanzen. 6. Aufl., Volk und Wissen, Berlin;
;pink;Bayer, E., Buttler, K.P., Finkenzeller, X., Grau, J.Steinbach, G. (Hrsg.) 1987: Pflanzen des Mittelmeerraumes. Mosaik-Verlag, München;
Ophrys insectifera L.;purple;Schubert, R., Jäger, E.J., Werner, K. (Hrsg.) 1987: Exkursionsflora Band 3. Atlas der Gefäßpflanzen. 6. Aufl., Volk und Wissen, Berlin;
Orchis ustulata L.;purple;Schubert, R., Jäger, E.J., Werner, K. (Hrsg.) 1987: Exkursionsflora Band 3. Atlas der Gefäßpflanzen. 6. Aufl., Volk und Wissen, Berlin;
Origanum vulgare L.;purple;Schubert, R., Jäger, E.J., Werner, K. (Hrsg.) 1987: Exkursionsflora Band 3. Atlas der Gefäßpflanzen. 6. Aufl., Volk und Wissen, Berlin;
Oxalis acetosella L.;white;Schubert, R., Jäger, E.J., Werner, K. (Hrsg.) 1987: Exkursionsflora Band 3. Atlas der Gefäßpflanzen. 6. Aufl., Volk und Wissen, Berlin;
Paris quadrifolia L.;green;Schubert, R., Jäger, E.J., Werner, K. (Hrsg.) 1987: Exkursionsflora Band 3. Atlas der Gefäßpflanzen. 6. Aufl., Volk und Wissen, Berlin;
Parnassia palustris L.;white;Schubert, R., Jäger, E.J., Werner, K. (Hrsg.) 1987: Exkursionsflora Band 3. Atlas der Gefäßpflanzen. 6. Aufl., Volk und Wissen, Berlin;
Pedicularis rostratocapitata Crantz;purple;Schubert, R., Jäger, E.J., Werner, K. (Hrsg.) 1987: Exkursionsflora Band 3. Atlas der Gefäßpflanzen. 6. Aufl., Volk und Wissen, Berlin;
Pedicularis rostratospicata Crantz;purple;Schubert, R., Jäger, E.J., Werner, K. (Hrsg.) 1987: Exkursionsflora Band 3. Atlas der Gefäßpflanzen. 6. Aufl., Volk und Wissen, Berlin;
Petasites albus (L.) Gaertn.;white;Schubert, R., Jäger, E.J., Werner, K. (Hrsg.) 1987: Exkursionsflora Band 3. Atlas der Gefäßpflanzen. 6. Aufl., Volk und Wissen, Berlin;
Peucedanum ostruthium (L.) Koch;white;Schubert, R., Jäger, E.J., Werner, K. (Hrsg.) 1987: Exkursionsflora Band 3. Atlas der Gefäßpflanzen. 6. Aufl., Volk und Wissen, Berlin;
Phyteuma nigrum F. W. Schmidt;blue;Schubert, R., Jäger, E.J., Werner, K. (Hrsg.) 1987: Exkursionsflora Band 3. Atlas der Gefäßpflanzen. 6. Aufl., Volk und Wissen, Berlin;
Phyteuma orbiculare L. s. l.;blue;Schubert, R., Jäger, E.J., Werner, K. (Hrsg.) 1987: Exkursionsflora Band 3. Atlas der Gefäßpflanzen. 6. Aufl., Volk und Wissen, Berlin;
Phyteuma spicatum L.;white;Schubert, R., Jäger, E.J., Werner, K. (Hrsg.) 1987: Exkursionsflora Band 3. Atlas der Gefäßpflanzen. 6. Aufl., Volk und Wissen, Berlin;
Pimpinella major (L.) Huds.;white;Schubert, R., Jäger, E.J., Werner, K. (Hrsg.) 1987: Exkursionsflora Band 3. Atlas der Gefäßpflanzen. 6. Aufl., Volk und Wissen, Berlin;
Pinguicula alpina L.;white;Schubert, R., Jäger, E.J., Werner, K. (Hrsg.) 1987: Exkursionsflora Band 3. Atlas der Gefäßpflanzen. 6. Aufl., Volk und Wissen, Berlin;
Plantago intermedia DC.;yellow;Schubert, R., Jäger, E.J., Werner, K. (Hrsg.) 1987: Exkursionsflora Band 3. Atlas der Gefäßpflanzen. 6. Aufl., Volk und Wissen, Berlin;
Plantago lanceolata L.;brown;Schubert, R., Jäger, E.J., Werner, K. (Hrsg.) 1987: Exkursionsflora Band 3. Atlas der Gefäßpflanzen. 6. Aufl., Volk und Wissen, Berlin;
Plantago major L. s. str.;yellow;Schubert, R., Jäger, E.J., Werner, K. (Hrsg.) 1987: Exkursionsflora Band 3. Atlas der Gefäßpflanzen. 6. Aufl., Volk und Wissen, Berlin;
Plantago media L.;white;Schubert, R., Jäger, E.J., Werner, K. (Hrsg.) 1987: Exkursionsflora Band 3. Atlas der Gefäßpflanzen. 6. Aufl., Volk und Wissen, Berlin;
Plantago winteri Wirtg.;yellow;Schubert, R., Jäger, E.J., Werner, K. (Hrsg.) 1987: Exkursionsflora Band 3. Atlas der Gefäßpflanzen. 6. Aufl., Volk und Wissen, Berlin;
Platanthera bifolia (L.) Rich.;white;Schubert, R., Jäger, E.J., Werner, K. (Hrsg.) 1987: Exkursionsflora Band 3. Atlas der Gefäßpflanzen. 6. Aufl., Volk und Wissen, Berlin;
Polygala alpestris Rchb.;blue;Schubert, R., Jäger, E.J., Werner, K. (Hrsg.) 1987: Exkursionsflora Band 3. Atlas der Gefäßpflanzen. 6. Aufl., Volk und Wissen, Berlin;
Polygala amara L.;blue;Schubert, R., Jäger, E.J., Werner, K. (Hrsg.) 1987: Exkursionsflora Band 3. Atlas der Gefäßpflanzen. 6. Aufl., Volk und Wissen, Berlin;
Polygala amarella Crantz;blue;Schubert, R., Jäger, E.J., Werner, K. (Hrsg.) 1987: Exkursionsflora Band 3. Atlas der Gefäßpflanzen. 6. Aufl., Volk und Wissen, Berlin;
Polygala chamaebuxus L.;yellow;Schubert, R., Jäger, E.J., Werner, K. (Hrsg.) 1987: Exkursionsflora Band 3. Atlas der Gefäßpflanzen. 6. Aufl., Volk und Wissen, Berlin;
Polygonatum odoratum (Mill.) Druce;white;Schubert, R., Jäger, E.J., Werner, K. (Hrsg.) 1987: Exkursionsflora Band 3. Atlas der Gefäßpflanzen. 6. Aufl., Volk und Wissen, Berlin;
Polygonatum verticillatum (L.) All.;white;Schubert, R., Jäger, E.J., Werner, K. (Hrsg.) 1987: Exkursionsflora Band 3. Atlas der Gefäßpflanzen. 6. Aufl., Volk und Wissen, Berlin;
Potentilla aurea L.;yellow;Schubert, R., Jäger, E.J., Werner, K. (Hrsg.) 1987: Exkursionsflora Band 3. Atlas der Gefäßpflanzen. 6. Aufl., Volk und Wissen, Berlin;
Potentilla brauneana Hoppe ex Nestl.;yellow;Schubert, R., Jäger, E.J., Werner, K. (Hrsg.) 1987: Exkursionsflora Band 3. Atlas der Gefäßpflanzen. 6. Aufl., Volk und Wissen, Berlin;
Potentilla erecta (L.) Raeusch.;yellow;Schubert, R., Jäger, E.J., Werner, K. (Hrsg.) 1987: Exkursionsflora Band 3. Atlas der Gefäßpflanzen. 6. Aufl., Volk und Wissen, Berlin;
Potentilla reptans L.;yellow;Schubert, R., Jäger, E.J., Werner, K. (Hrsg.) 1987: Exkursionsflora Band 3. Atlas der Gefäßpflanzen. 6. Aufl., Volk und Wissen, Berlin;
Prenanthes purpurea L.;purple;Schubert, R., Jäger, E.J., Werner, K. (Hrsg.) 1987: Exkursionsflora Band 3. Atlas der Gefäßpflanzen. 6. Aufl., Volk und Wissen, Berlin;
Primula auricula L.;yellow;Schubert, R., Jäger, E.J., Werner, K. (Hrsg.) 1987: Exkursionsflora Band 3. Atlas der Gefäßpflanzen. 6. Aufl., Volk und Wissen, Berlin;
Primula elatior (L.) Hill;yellow;Schubert, R., Jäger, E.J., Werner, K. (Hrsg.) 1987: Exkursionsflora Band 3. Atlas der Gefäßpflanzen. 6. Aufl., Volk und Wissen, Berlin;
Primula farinosa L.;purple;Schubert, R., Jäger, E.J., Werner, K. (Hrsg.) 1987: Exkursionsflora Band 3. Atlas der Gefäßpflanzen. 6. Aufl., Volk und Wissen, Berlin;
Primula minima L.;pink;Schubert, R., Jäger, E.J., Werner, K. (Hrsg.) 1987: Exkursionsflora Band 3. Atlas der Gefäßpflanzen. 6. Aufl., Volk und Wissen, Berlin;
Primula veris L.;yellow;Schubert, R., Jäger, E.J., Werner, K. (Hrsg.) 1987: Exkursionsflora Band 3. Atlas der Gefäßpflanzen. 6. Aufl., Volk und Wissen, Berlin;
Primula vulgaris Huds.;yellow;Schubert, R., Jäger, E.J., Werner, K. (Hrsg.) 1987: Exkursionsflora Band 3. Atlas der Gefäßpflanzen. 6. Aufl., Volk und Wissen, Berlin;
Pritzelago alpina (L.) Kuntze;white;Schubert, R., Jäger, E.J., Werner, K. (Hrsg.) 1987: Exkursionsflora Band 3. Atlas der Gefäßpflanzen. 6. Aufl., Volk und Wissen, Berlin;
Prunella grandiflora (L.) Scholler;violet;Schubert, R., Jäger, E.J., Werner, K. (Hrsg.) 1987: Exkursionsflora Band 3. Atlas der Gefäßpflanzen. 6. Aufl., Volk und Wissen, Berlin;
Prunella laciniata (L.) L.;white;Bayer, E., Buttler, K.P., Finkenzeller, X., Grau, J.Steinbach, G. (Hrsg.) 1987: Pflanzen des Mittelmeerraumes. Mosaik-Verlag, München;
;white;Schubert, R., Jäger, E.J., Werner, K. (Hrsg.) 1987: Exkursionsflora Band 3. Atlas der Gefäßpflanzen. 6. Aufl., Volk und Wissen, Berlin;
Prunella vulgaris L.;violet;Schubert, R., Jäger, E.J., Werner, K. (Hrsg.) 1987: Exkursionsflora Band 3. Atlas der Gefäßpflanzen. 6. Aufl., Volk und Wissen, Berlin;
Pseudorchis albida (L.) Å. Löve & D. Löve;white;Schubert, R., Jäger, E.J., Werner, K. (Hrsg.) 1987: Exkursionsflora Band 3. Atlas der Gefäßpflanzen. 6. Aufl., Volk und Wissen, Berlin;
Pulmonaria obscura Dumort.;pink;Haeupler, H., Muer, T. 2000: Bildatlas der Farn- und Blütenpflanzen Deutschlands. Ulmer, Stuttgart;
Pulmonaria officinalis L.;red;Schubert, R., Jäger, E.J., Werner, K. (Hrsg.) 1987: Exkursionsflora Band 3. Atlas der Gefäßpflanzen. 6. Aufl., Volk und Wissen, Berlin;
Pulsatilla alpina (L.) Delarbre s. str.;white;Schubert, R., Jäger, E.J., Werner, K. (Hrsg.) 1987: Exkursionsflora Band 3. Atlas der Gefäßpflanzen. 6. Aufl., Volk und Wissen, Berlin;
Pulsatilla micrantha (DC.) Sweet;white;Schubert, R., Jäger, E.J., Werner, K. (Hrsg.) 1987: Exkursionsflora Band 3. Atlas der Gefäßpflanzen. 6. Aufl., Volk und Wissen, Berlin;
Pyrola rotundifolia L.;white;Schubert, R., Jäger, E.J., Werner, K. (Hrsg.) 1987: Exkursionsflora Band 3. Atlas der Gefäßpflanzen. 6. Aufl., Volk und Wissen, Berlin;
Ranunculus aconitifolius L.;white;Schubert, R., Jäger, E.J., Werner, K. (Hrsg.) 1987: Exkursionsflora Band 3. Atlas der Gefäßpflanzen. 6. Aufl., Volk und Wissen, Berlin;
Ranunculus acris L.;yellow;Schubert, R., Jäger, E.J., Werner, K. (Hrsg.) 1987: Exkursionsflora Band 3. Atlas der Gefäßpflanzen. 6. Aufl., Volk und Wissen, Berlin;
Ranunculus alpestris L.;white;Schubert, R., Jäger, E.J., Werner, K. (Hrsg.) 1987: Exkursionsflora Band 3. Atlas der Gefäßpflanzen. 6. Aufl., Volk und Wissen, Berlin;
Ranunculus breyninus Crantz;yellow;Schubert, R., Jäger, E.J., Werner, K. (Hrsg.) 1987: Exkursionsflora Band 3. Atlas der Gefäßpflanzen. 6. Aufl., Volk und Wissen, Berlin;
Ranunculus carinthiacus Hoppe;yellow;Schubert, R., Jäger, E.J., Werner, K. (Hrsg.) 1987: Exkursionsflora Band 3. Atlas der Gefäßpflanzen. 6. Aufl., Volk und Wissen, Berlin;
Ranunculus ficaria L.;yellow;Schubert, R., Jäger, E.J., Werner, K. (Hrsg.) 1987: Exkursionsflora Band 3. Atlas der Gefäßpflanzen. 6. Aufl., Volk und Wissen, Berlin;
Ranunculus montanus Willd.;yellow;Schubert, R., Jäger, E.J., Werner, K. (Hrsg.) 1987: Exkursionsflora Band 3. Atlas der Gefäßpflanzen. 6. Aufl., Volk und Wissen, Berlin;
Ranunculus nemorosus DC.;yellow;Haeupler, H., Muer, T. 2000: Bildatlas der Farn- und Blütenpflanzen Deutschlands. Ulmer, Stuttgart;
Ranunculus platanifolius L.;white;Schubert, R., Jäger, E.J., Werner, K. (Hrsg.) 1987: Exkursionsflora Band 3. Atlas der Gefäßpflanzen. 6. Aufl., Volk und Wissen, Berlin;
Ranunculus polyanthemoides Boreau;yellow;Schubert, R., Jäger, E.J., Werner, K. (Hrsg.) 1987: Exkursionsflora Band 3. Atlas der Gefäßpflanzen. 6. Aufl., Volk und Wissen, Berlin;
Ranunculus polyanthemophyllus W. Koch & Hess;yellow;Schubert, R., Jäger, E.J., Werner, K. (Hrsg.) 1987: Exkursionsflora Band 3. Atlas der Gefäßpflanzen. 6. Aufl., Volk und Wissen, Berlin;
Ranunculus polyanthemos L. s. str.;yellow;Schubert, R., Jäger, E.J., Werner, K. (Hrsg.) 1987: Exkursionsflora Band 3. Atlas der Gefäßpflanzen. 6. Aufl., Volk und Wissen, Berlin;
Ranunculus repens L.;yellow;Schubert, R., Jäger, E.J., Werner, K. (Hrsg.) 1987: Exkursionsflora Band 3. Atlas der Gefäßpflanzen. 6. Aufl., Volk und Wissen, Berlin;
Ranunculus serpens Schrank;yellow;Schubert, R., Jäger, E.J., Werner, K. (Hrsg.) 1987: Exkursionsflora Band 3. Atlas der Gefäßpflanzen. 6. Aufl., Volk und Wissen, Berlin;
Ranunculus villarsii DC.;yellow;Schubert, R., Jäger, E.J., Werner, K. (Hrsg.) 1987: Exkursionsflora Band 3. Atlas der Gefäßpflanzen. 6. Aufl., Volk und Wissen, Berlin;
Rhinanthus alectorolophus (Scop.) Pollich s. l.;yellow;Schubert, R., Jäger, E.J., Werner, K. (Hrsg.) 1987: Exkursionsflora Band 3. Atlas der Gefäßpflanzen. 6. Aufl., Volk und Wissen, Berlin;
Rhinanthus glacialis Personnat;yellow;Schubert, R., Jäger, E.J., Werner, K. (Hrsg.) 1987: Exkursionsflora Band 3. Atlas der Gefäßpflanzen. 6. Aufl., Volk und Wissen, Berlin;
Rhinanthus minor L.;yellow;Schubert, R., Jäger, E.J., Werner, K. (Hrsg.) 1987: Exkursionsflora Band 3. Atlas der Gefäßpflanzen. 6. Aufl., Volk und Wissen, Berlin;
Rhinanthus rumelicus Velen.;yellow;Schubert, R., Jäger, E.J., Werner, K. (Hrsg.) 1987: Exkursionsflora Band 3. Atlas der Gefäßpflanzen. 6. Aufl., Volk und Wissen, Berlin;
Rhododendron hirsutum L.;red;Schubert, R., Jäger, E.J., Werner, K. (Hrsg.) 1987: Exkursionsflora Band 3. Atlas der Gefäßpflanzen. 6. Aufl., Volk und Wissen, Berlin;
Rhodothamnus chamaecistus (L.) Rchb.;pink;Schubert, R., Jäger, E.J., Werner, K. (Hrsg.) 1987: Exkursionsflora Band 3. Atlas der Gefäßpflanzen. 6. Aufl., Volk und Wissen, Berlin;
Rosa canina L. s. l.;pink;Schubert, R., Jäger, E.J., Werner, K. (Hrsg.) 1987: Exkursionsflora Band 3. Atlas der Gefäßpflanzen. 6. Aufl., Volk und Wissen, Berlin;
Rosa corymbifera Borkh. s. l.;pink;Schubert, R., Jäger, E.J., Werner, K. (Hrsg.) 1987: Exkursionsflora Band 3. Atlas der Gefäßpflanzen. 6. Aufl., Volk und Wissen, Berlin;
Rosa dumalis Bechst.;red;Schubert, R., Jäger, E.J., Werner, K. (Hrsg.) 1987: Exkursionsflora Band 3. Atlas der Gefäßpflanzen. 6. Aufl., Volk und Wissen, Berlin;
Rubus idaeus L.;white;Schubert, R., Jäger, E.J., Werner, K. (Hrsg.) 1987: Exkursionsflora Band 3. Atlas der Gefäßpflanzen. 6. Aufl., Volk und Wissen, Berlin;
Rumex acetosa L.;green;Schubert, R., Jäger, E.J., Werner, K. (Hrsg.) 1987: Exkursionsflora Band 3. Atlas der Gefäßpflanzen. 6. Aufl., Volk und Wissen, Berlin;
Rumex arifolius All.;green;Schubert, R., Jäger, E.J., Werner, K. (Hrsg.) 1987: Exkursionsflora Band 3. Atlas der Gefäßpflanzen. 6. Aufl., Volk und Wissen, Berlin;
Rumex obtusifolius L.;green;Schubert, R., Jäger, E.J., Werner, K. (Hrsg.) 1987: Exkursionsflora Band 3. Atlas der Gefäßpflanzen. 6. Aufl., Volk und Wissen, Berlin;
Sagina procumbens L.;white;Schubert, R., Jäger, E.J., Werner, K. (Hrsg.) 1987: Exkursionsflora Band 3. Atlas der Gefäßpflanzen. 6. Aufl., Volk und Wissen, Berlin;
Sagina saginoides (L.) H. Karst.;white;Schubert, R., Jäger, E.J., Werner, K. (Hrsg.) 1987: Exkursionsflora Band 3. Atlas der Gefäßpflanzen. 6. Aufl., Volk und Wissen, Berlin;
Salix retusa L.;purple;Schubert, R., Jäger, E.J., Werner, K. (Hrsg.) 1987: Exkursionsflora Band 3. Atlas der Gefäßpflanzen. 6. Aufl., Volk und Wissen, Berlin;
Salix serpillifolia Scop.;yellow;Schubert, R., Jäger, E.J., Werner, K. (Hrsg.) 1987: Exkursionsflora Band 3. Atlas der Gefäßpflanzen. 6. Aufl., Volk und Wissen, Berlin;
Salvia glutinosa L.;yellow;Schubert, R., Jäger, E.J., Werner, K. (Hrsg.) 1987: Exkursionsflora Band 3. Atlas der Gefäßpflanzen. 6. Aufl., Volk und Wissen, Berlin;
Salvia verticillata L.;blue;Schubert, R., Jäger, E.J., Werner, K. (Hrsg.) 1987: Exkursionsflora Band 3. Atlas der Gefäßpflanzen. 6. Aufl., Volk und Wissen, Berlin;
Sanguisorba officinalis L.;brown;Schubert, R., Jäger, E.J., Werner, K. (Hrsg.) 1987: Exkursionsflora Band 3. Atlas der Gefäßpflanzen. 6. Aufl., Volk und Wissen, Berlin;
Sanicula europaea L.;white;Schubert, R., Jäger, E.J., Werner, K. (Hrsg.) 1987: Exkursionsflora Band 3. Atlas der Gefäßpflanzen. 6. Aufl., Volk und Wissen, Berlin;
Saxifraga aizoides L.;yellow;Schubert, R., Jäger, E.J., Werner, K. (Hrsg.) 1987: Exkursionsflora Band 3. Atlas der Gefäßpflanzen. 6. Aufl., Volk und Wissen, Berlin;
Saxifraga androsacea L.;white;Schubert, R., Jäger, E.J., Werner, K. (Hrsg.) 1987: Exkursionsflora Band 3. Atlas der Gefäßpflanzen. 6. Aufl., Volk und Wissen, Berlin;
Saxifraga caesia L.;white;Schubert, R., Jäger, E.J., Werner, K. (Hrsg.) 1987: Exkursionsflora Band 3. Atlas der Gefäßpflanzen. 6. Aufl., Volk und Wissen, Berlin;
Saxifraga paniculata Mill.;white;Schubert, R., Jäger, E.J., Werner, K. (Hrsg.) 1987: Exkursionsflora Band 3. Atlas der Gefäßpflanzen. 6. Aufl., Volk und Wissen, Berlin;
Saxifraga rotundifolia L.;white;Schubert, R., Jäger, E.J., Werner, K. (Hrsg.) 1987: Exkursionsflora Band 3. Atlas der Gefäßpflanzen. 6. Aufl., Volk und Wissen, Berlin;
Saxifraga stellaris L.;white;Schubert, R., Jäger, E.J., Werner, K. (Hrsg.) 1987: Exkursionsflora Band 3. Atlas der Gefäßpflanzen. 6. Aufl., Volk und Wissen, Berlin;
Scabiosa lucida Vill.;blue;Schubert, R., Jäger, E.J., Werner, K. (Hrsg.) 1987: Exkursionsflora Band 3. Atlas der Gefäßpflanzen. 6. Aufl., Volk und Wissen, Berlin;
Scrophularia nodosa L.;brown;Schubert, R., Jäger, E.J., Werner, K. (Hrsg.) 1987: Exkursionsflora Band 3. Atlas der Gefäßpflanzen. 6. Aufl., Volk und Wissen, Berlin;
Sedum album L.;white;Schubert, R., Jäger, E.J., Werner, K. (Hrsg.) 1987: Exkursionsflora Band 3. Atlas der Gefäßpflanzen. 6. Aufl., Volk und Wissen, Berlin;
Sedum atratum L.;white;Schubert, R., Jäger, E.J., Werner, K. (Hrsg.) 1987: Exkursionsflora Band 3. Atlas der Gefäßpflanzen. 6. Aufl., Volk und Wissen, Berlin;
Senecio abrotanifolius L.;orange;Schubert, R., Jäger, E.J., Werner, K. (Hrsg.) 1987: Exkursionsflora Band 3. Atlas der Gefäßpflanzen. 6. Aufl., Volk und Wissen, Berlin;
Senecio germanicus Wallr.;yellow;Schubert, R., Jäger, E.J., Werner, K. (Hrsg.) 1987: Exkursionsflora Band 3. Atlas der Gefäßpflanzen. 6. Aufl., Volk und Wissen, Berlin;
Senecio ovatus (Gaertn., B. Mey. & Scherb.) Willd.;yellow;Haeupler, H., Muer, T. 2000: Bildatlas der Farn- und Blütenpflanzen Deutschlands. Ulmer, Stuttgart;
Silene acaulis (L.) Jacq. s. str.;red;Schubert, R., Jäger, E.J., Werner, K. (Hrsg.) 1987: Exkursionsflora Band 3. Atlas der Gefäßpflanzen. 6. Aufl., Volk und Wissen, Berlin;
Silene dioica (L.) Clairv.;red;Schubert, R., Jäger, E.J., Werner, K. (Hrsg.) 1987: Exkursionsflora Band 3. Atlas der Gefäßpflanzen. 6. Aufl., Volk und Wissen, Berlin;
Silene nutans L.;white;Schubert, R., Jäger, E.J., Werner, K. (Hrsg.) 1987: Exkursionsflora Band 3. Atlas der Gefäßpflanzen. 6. Aufl., Volk und Wissen, Berlin;
Silene vulgaris (Moench) Garcke s. l.;white;Schubert, R., Jäger, E.J., Werner, K. (Hrsg.) 1987: Exkursionsflora Band 3. Atlas der Gefäßpflanzen. 6. Aufl., Volk und Wissen, Berlin;
Solanum dulcamara L.;violet;Schubert, R., Jäger, E.J., Werner, K. (Hrsg.) 1987: Exkursionsflora Band 3. Atlas der Gefäßpflanzen. 6. Aufl., Volk und Wissen, Berlin;
Soldanella alpina L.;violet;Schubert, R., Jäger, E.J., Werner, K. (Hrsg.) 1987: Exkursionsflora Band 3. Atlas der Gefäßpflanzen. 6. Aufl., Volk und Wissen, Berlin;
Solidago virgaurea L.;yellow;Schubert, R., Jäger, E.J., Werner, K. (Hrsg.) 1987: Exkursionsflora Band 3. Atlas der Gefäßpflanzen. 6. Aufl., Volk und Wissen, Berlin;
Stachys sylvatica L.;brown;Schubert, R., Jäger, E.J., Werner, K. (Hrsg.) 1987: Exkursionsflora Band 3. Atlas der Gefäßpflanzen. 6. Aufl., Volk und Wissen, Berlin;
Stellaria graminea L.;white;Schubert, R., Jäger, E.J., Werner, K. (Hrsg.) 1987: Exkursionsflora Band 3. Atlas der Gefäßpflanzen. 6. Aufl., Volk und Wissen, Berlin;
Stellaria nemorum L. s. l.;white;Schubert, R., Jäger, E.J., Werner, K. (Hrsg.) 1987: Exkursionsflora Band 3. Atlas der Gefäßpflanzen. 6. Aufl., Volk und Wissen, Berlin;
Taraxacum sect. Alpina Hegetschw.;yellow;Schubert, R., Jäger, E.J., Werner, K. (Hrsg.) 1987: Exkursionsflora Band 3. Atlas der Gefäßpflanzen. 6. Aufl., Volk und Wissen, Berlin;
Taraxacum sect. Palustria  (Lyons) Symons;yellow;Schubert, R., Jäger, E.J., Werner, K. (Hrsg.) 1987: Exkursionsflora Band 3. Atlas der Gefäßpflanzen. 6. Aufl., Volk und Wissen, Berlin;
Taraxacum sect. Ruderalia  Wiggers;yellow;Schubert, R., Jäger, E.J., Werner, K. (Hrsg.) 1987: Exkursionsflora Band 3. Atlas der Gefäßpflanzen. 6. Aufl., Volk und Wissen, Berlin;
Teucrium chamaedrys L.;red;Schubert, R., Jäger, E.J., Werner, K. (Hrsg.) 1987: Exkursionsflora Band 3. Atlas der Gefäßpflanzen. 6. Aufl., Volk und Wissen, Berlin;
Thalictrum aquilegiifolium L.;violet;Schubert, R., Jäger, E.J., Werner, K. (Hrsg.) 1987: Exkursionsflora Band 3. Atlas der Gefäßpflanzen. 6. Aufl., Volk und Wissen, Berlin;
Thesium alpinum L.;white;Schubert, R., Jäger, E.J., Werner, K. (Hrsg.) 1987: Exkursionsflora Band 3. Atlas der Gefäßpflanzen. 6. Aufl., Volk und Wissen, Berlin;
Thymus praecox Opiz s. l.;purple;Schubert, R., Jäger, E.J., Werner, K. (Hrsg.) 1987: Exkursionsflora Band 3. Atlas der Gefäßpflanzen. 6. Aufl., Volk und Wissen, Berlin;
Thymus pulegioides L. s. l.;purple;Schubert, R., Jäger, E.J., Werner, K. (Hrsg.) 1987: Exkursionsflora Band 3. Atlas der Gefäßpflanzen. 6. Aufl., Volk und Wissen, Berlin;
Tofieldia calyculata (L.) Wahlenb.;white;Schubert, R., Jäger, E.J., Werner, K. (Hrsg.) 1987: Exkursionsflora Band 3. Atlas der Gefäßpflanzen. 6. Aufl., Volk und Wissen, Berlin;
Tofieldia pusilla (Michx.) Pers.;white;Schubert, R., Jäger, E.J., Werner, K. (Hrsg.) 1987: Exkursionsflora Band 3. Atlas der Gefäßpflanzen. 6. Aufl., Volk und Wissen, Berlin;
Tragopogon minor Mill.;yellow;Schubert, R., Jäger, E.J., Werner, K. (Hrsg.) 1987: Exkursionsflora Band 3. Atlas der Gefäßpflanzen. 6. Aufl., Volk und Wissen, Berlin;
Tragopogon orientalis L.;yellow;Schubert, R., Jäger, E.J., Werner, K. (Hrsg.) 1987: Exkursionsflora Band 3. Atlas der Gefäßpflanzen. 6. Aufl., Volk und Wissen, Berlin;
Tragopogon pratensis L. s. str.;yellow;Schubert, R., Jäger, E.J., Werner, K. (Hrsg.) 1987: Exkursionsflora Band 3. Atlas der Gefäßpflanzen. 6. Aufl., Volk und Wissen, Berlin;
Traunsteinera globosa (L.) Rchb.;purple;Schubert, R., Jäger, E.J., Werner, K. (Hrsg.) 1987: Exkursionsflora Band 3. Atlas der Gefäßpflanzen. 6. Aufl., Volk und Wissen, Berlin;
Trifolium badium Schreb.;yellow;Schubert, R., Jäger, E.J., Werner, K. (Hrsg.) 1987: Exkursionsflora Band 3. Atlas der Gefäßpflanzen. 6. Aufl., Volk und Wissen, Berlin;
Trifolium medium L.;red;Schubert, R., Jäger, E.J., Werner, K. (Hrsg.) 1987: Exkursionsflora Band 3. Atlas der Gefäßpflanzen. 6. Aufl., Volk und Wissen, Berlin;
Trifolium montanum L.;white;Schubert, R., Jäger, E.J., Werner, K. (Hrsg.) 1987: Exkursionsflora Band 3. Atlas der Gefäßpflanzen. 6. Aufl., Volk und Wissen, Berlin;
Trifolium pratense L.;red;Schubert, R., Jäger, E.J., Werner, K. (Hrsg.) 1987: Exkursionsflora Band 3. Atlas der Gefäßpflanzen. 6. Aufl., Volk und Wissen, Berlin;
Trifolium repens L.;white;Schubert, R., Jäger, E.J., Werner, K. (Hrsg.) 1987: Exkursionsflora Band 3. Atlas der Gefäßpflanzen. 6. Aufl., Volk und Wissen, Berlin;
Trollius europaeus L.;yellow;Schubert, R., Jäger, E.J., Werner, K. (Hrsg.) 1987: Exkursionsflora Band 3. Atlas der Gefäßpflanzen. 6. Aufl., Volk und Wissen, Berlin;
Tussilago farfara L.;yellow;Schubert, R., Jäger, E.J., Werner, K. (Hrsg.) 1987: Exkursionsflora Band 3. Atlas der Gefäßpflanzen. 6. Aufl., Volk und Wissen, Berlin;
Urtica dioica L. s. l.;green;Schubert, R., Jäger, E.J., Werner, K. (Hrsg.) 1987: Exkursionsflora Band 3. Atlas der Gefäßpflanzen. 6. Aufl., Volk und Wissen, Berlin;
Vaccinium myrtillus L.;white;Schubert, R., Jäger, E.J., Werner, K. (Hrsg.) 1987: Exkursionsflora Band 3. Atlas der Gefäßpflanzen. 6. Aufl., Volk und Wissen, Berlin;
Vaccinium vitis-idaea L.;white;Schubert, R., Jäger, E.J., Werner, K. (Hrsg.) 1987: Exkursionsflora Band 3. Atlas der Gefäßpflanzen. 6. Aufl., Volk und Wissen, Berlin;
Valeriana dioica L.;pink;Schubert, R., Jäger, E.J., Werner, K. (Hrsg.) 1987: Exkursionsflora Band 3. Atlas der Gefäßpflanzen. 6. Aufl., Volk und Wissen, Berlin;
Valeriana montana L.;violet;Schubert, R., Jäger, E.J., Werner, K. (Hrsg.) 1987: Exkursionsflora Band 3. Atlas der Gefäßpflanzen. 6. Aufl., Volk und Wissen, Berlin;
Valeriana officinalis L. s. str.;pink;Schubert, R., Jäger, E.J., Werner, K. (Hrsg.) 1987: Exkursionsflora Band 3. Atlas der Gefäßpflanzen. 6. Aufl., Volk und Wissen, Berlin;
Valeriana pratensis Dierb.;pink;Haeupler, H., Muer, T. 2000: Bildatlas der Farn- und Blütenpflanzen Deutschlands. Ulmer, Stuttgart;
Valeriana procurrens Wallr.;pink;Haeupler, H., Muer, T. 2000: Bildatlas der Farn- und Blütenpflanzen Deutschlands. Ulmer, Stuttgart;
Valeriana sambucifolia J. C. Mikan ex Pohl;pink;Haeupler, H., Muer, T. 2000: Bildatlas der Farn- und Blütenpflanzen Deutschlands. Ulmer, Stuttgart;
Valeriana saxatilis L.;white;Schubert, R., Jäger, E.J., Werner, K. (Hrsg.) 1987: Exkursionsflora Band 3. Atlas der Gefäßpflanzen. 6. Aufl., Volk und Wissen, Berlin;
Valeriana tripteris L.;white;Schubert, R., Jäger, E.J., Werner, K. (Hrsg.) 1987: Exkursionsflora Band 3. Atlas der Gefäßpflanzen. 6. Aufl., Volk und Wissen, Berlin;
Valeriana versifolia Brügger;pink;Haeupler, H., Muer, T. 2000: Bildatlas der Farn- und Blütenpflanzen Deutschlands. Ulmer, Stuttgart;
Valeriana wallrothii Kreyer;pink;Haeupler, H., Muer, T. 2000: Bildatlas der Farn- und Blütenpflanzen Deutschlands. Ulmer, Stuttgart;
Veratrum album L.;white;Schubert, R., Jäger, E.J., Werner, K. (Hrsg.) 1987: Exkursionsflora Band 3. Atlas der Gefäßpflanzen. 6. Aufl., Volk und Wissen, Berlin;
Verbascum thapsus L.;yellow;Schubert, R., Jäger, E.J., Werner, K. (Hrsg.) 1987: Exkursionsflora Band 3. Atlas der Gefäßpflanzen. 6. Aufl., Volk und Wissen, Berlin;
Veronica alpina L.;violet;Schubert, R., Jäger, E.J., Werner, K. (Hrsg.) 1987: Exkursionsflora Band 3. Atlas der Gefäßpflanzen. 6. Aufl., Volk und Wissen, Berlin;
Veronica aphylla L.;blue;Schubert, R., Jäger, E.J., Werner, K. (Hrsg.) 1987: Exkursionsflora Band 3. Atlas der Gefäßpflanzen. 6. Aufl., Volk und Wissen, Berlin;
Veronica beccabunga L.;blue;Schubert, R., Jäger, E.J., Werner, K. (Hrsg.) 1987: Exkursionsflora Band 3. Atlas der Gefäßpflanzen. 6. Aufl., Volk und Wissen, Berlin;
Veronica chamaedrys L. s. l.;blue;Schubert, R., Jäger, E.J., Werner, K. (Hrsg.) 1987: Exkursionsflora Band 3. Atlas der Gefäßpflanzen. 6. Aufl., Volk und Wissen, Berlin;
Veronica filiformis Sm.;blue;Schubert, R., Jäger, E.J., Werner, K. (Hrsg.) 1987: Exkursionsflora Band 3. Atlas der Gefäßpflanzen. 6. Aufl., Volk und Wissen, Berlin;
Veronica fruticans Jacq.;blue;Schubert, R., Jäger, E.J., Werner, K. (Hrsg.) 1987: Exkursionsflora Band 3. Atlas der Gefäßpflanzen. 6. Aufl., Volk und Wissen, Berlin;
Veronica officinalis L.;violet;Schubert, R., Jäger, E.J., Werner, K. (Hrsg.) 1987: Exkursionsflora Band 3. Atlas der Gefäßpflanzen. 6. Aufl., Volk und Wissen, Berlin;
Veronica serpyllifolia L.;white;Schubert, R., Jäger, E.J., Werner, K. (Hrsg.) 1987: Exkursionsflora Band 3. Atlas der Gefäßpflanzen. 6. Aufl., Volk und Wissen, Berlin;
Vicia cracca L. s. str.;violet;Schubert, R., Jäger, E.J., Werner, K. (Hrsg.) 1987: Exkursionsflora Band 3. Atlas der Gefäßpflanzen. 6. Aufl., Volk und Wissen, Berlin;
Vicia dalmatica Kern.;violet;Haeupler, H., Muer, T. 2000: Bildatlas der Farn- und Blütenpflanzen Deutschlands. Ulmer, Stuttgart;
Vicia sepium L.;violet;Schubert, R., Jäger, E.J., Werner, K. (Hrsg.) 1987: Exkursionsflora Band 3. Atlas der Gefäßpflanzen. 6. Aufl., Volk und Wissen, Berlin;
Vicia tenuifolia Roth s. str.;blue;Schubert, R., Jäger, E.J., Werner, K. (Hrsg.) 1987: Exkursionsflora Band 3. Atlas der Gefäßpflanzen. 6. Aufl., Volk und Wissen, Berlin;
Vincetoxicum hirundinaria Medik.;white;Schubert, R., Jäger, E.J., Werner, K. (Hrsg.) 1987: Exkursionsflora Band 3. Atlas der Gefäßpflanzen. 6. Aufl., Volk und Wissen, Berlin;
Viola biflora L.;yellow;Schubert, R., Jäger, E.J., Werner, K. (Hrsg.) 1987: Exkursionsflora Band 3. Atlas der Gefäßpflanzen. 6. Aufl., Volk und Wissen, Berlin;
Viola collina Besser;violet;Schubert, R., Jäger, E.J., Werner, K. (Hrsg.) 1987: Exkursionsflora Band 3. Atlas der Gefäßpflanzen. 6. Aufl., Volk und Wissen, Berlin;
Viola hirta L.;blue;Schubert, R., Jäger, E.J., Werner, K. (Hrsg.) 1987: Exkursionsflora Band 3. Atlas der Gefäßpflanzen. 6. Aufl., Volk und Wissen, Berlin;
Viola reichenbachiana Jord. ex Boreau;violet;Schubert, R., Jäger, E.J., Werner, K. (Hrsg.) 1987: Exkursionsflora Band 3. Atlas der Gefäßpflanzen. 6. Aufl., Volk und Wissen, Berlin;
Willemetia stipitata (Jacq.) Dalla Torre;yellow;Schubert, R., Jäger, E.J., Werner, K. (Hrsg.) 1987: Exkursionsflora Band 3. Atlas der Gefäßpflanzen. 6. Aufl., Volk und Wissen, Berlin;

Results BiolFlor searchsystem;
(c) UFZ-Umweltforschungszentrum Leipzig-Halle GmbH;2020-04-15 12:19:14
